,COD_DANE,NOM_DPTO,NOM_MPIO,cluster_total,cluster_n_tret,cluster_n_demic,cluster_n_spp,LATITUDE,LONGITUDE
0,5001.0,ANTIOQUIA,MEDELLIN,7,0,3,6,6.250129488,-75.57863094
1,5002.0,ANTIOQUIA,ABEJORRAL,0,0,3,7,5.7906,-75.4269
2,5004.0,ANTIOQUIA,ABRIAQUI,7,0,3,6,6.631806453,-76.06470346
3,5021.0,ANTIOQUIA,ALEJANDRIA,3,1,3,2,6.376061445,-75.14134618
4,5030.0,ANTIOQUIA,AMAGA,6,0,2,5,6.038816776,-75.70204111
5,5031.0,ANTIOQUIA,AMALFI,1,0,3,1,6.9092,-75.0767
6,5034.0,ANTIOQUIA,ANDES,7,2,3,6,5.6556,-75.8803
7,5036.0,ANTIOQUIA,ANGELOPOLIS,6,1,2,5,6.109719064,-75.71138922
8,5038.0,ANTIOQUIA,ANGOSTURA,3,1,3,2,6.8851,-75.3347
9,5040.0,ANTIOQUIA,ANORI,1,0,3,1,7.074702853,-75.14835512
10,5042.0,ANTIOQUIA,SANTAFE DE ANTIOQUIA,4,0,2,0,6.556566638,-75.82704303
11,5044.0,ANTIOQUIA,ANZA,6,0,1,5,6.302641172,-75.85444229
12,5045.0,ANTIOQUIA,APARTADO,5,1,1,7,7.883319706,-76.62531095
13,5051.0,ANTIOQUIA,ARBOLETES,7,3,1,6,8.8511,-76.4272
14,5055.0,ANTIOQUIA,ARGELIA,3,0,3,1,5.7319,-75.1419
15,5059.0,ANTIOQUIA,ARMENIA,6,1,2,5,6.1564,-75.7858
16,5079.0,ANTIOQUIA,BARBOSA,0,0,3,2,6.4375,-75.3306
17,5086.0,ANTIOQUIA,BELMIRA,7,3,2,6,6.605,-75.6658
18,5088.0,ANTIOQUIA,BELLO,7,0,3,6,6.3319,-75.5581
19,5091.0,ANTIOQUIA,BETANIA,4,0,2,0,5.7347,-75.9792
20,5093.0,ANTIOQUIA,BETULIA,4,0,2,0,6.1122,-75.9839
21,5101.0,ANTIOQUIA,CIUDAD BOLIVAR,4,0,2,0,5.850273233,-76.02150921
22,5107.0,ANTIOQUIA,BRICEÑO,0,1,3,2,7.1106,-75.5511
23,5113.0,ANTIOQUIA,BURITICA,4,1,2,0,6.719729847,-75.90749551
24,5120.0,ANTIOQUIA,CACERES,0,1,2,2,7.578315451,-75.35235749
25,5125.0,ANTIOQUIA,CAICEDO,4,0,2,0,6.4069,-75.9853
26,5129.0,ANTIOQUIA,CALDAS,6,0,3,5,6.0886,-75.6361
27,5134.0,ANTIOQUIA,CAMPAMENTO,3,1,3,1,6.9792,-75.2958
28,5138.0,ANTIOQUIA,CAÑASGORDAS,7,1,2,6,6.7497,-76.0258
29,5142.0,ANTIOQUIA,CARACOLI,5,3,2,7,6.409829273,-74.75742072
30,5145.0,ANTIOQUIA,CARAMANTA,6,0,2,5,5.5467,-75.6442
31,5147.0,ANTIOQUIA,CAREPA,0,1,1,7,7.7581,-76.6553
32,5148.0,ANTIOQUIA,CARMEN DE VIBORAL,0,1,3,2,6.0819,-75.3342
33,5150.0,ANTIOQUIA,CAROLINA,0,1,2,2,6.7244,-75.2817
34,5154.0,ANTIOQUIA,CAUCASIA,0,1,1,7,7.9865,-75.1935
35,5172.0,ANTIOQUIA,CHIGORODO,0,1,1,7,7.666291026,-76.68125617
36,5190.0,ANTIOQUIA,CISNEROS,0,3,2,2,6.5383,-75.0886
37,5197.0,ANTIOQUIA,COCORNA,0,1,3,2,6.058306335,-75.18548101
38,5206.0,ANTIOQUIA,CONCEPCION,0,1,3,2,6.394348113,-75.2575872
39,5209.0,ANTIOQUIA,CONCORDIA,6,0,2,5,6.0456,-75.9075
40,5212.0,ANTIOQUIA,COPACABANA,7,0,3,6,6.3486,-75.5103
41,5234.0,ANTIOQUIA,DABEIBA,1,0,2,1,7.0014,-76.2611
42,5237.0,ANTIOQUIA,DON MATIAS,0,0,3,2,6.485607566,-75.39264627
43,5240.0,ANTIOQUIA,EBEJICO,6,1,1,5,6.326128157,-75.76416492
44,5250.0,ANTIOQUIA,EL BAGRE,0,1,1,2,7.6047,-74.8086
45,5264.0,ANTIOQUIA,ENTRERRIOS,5,3,2,6,6.566273036,-75.51768479
46,5266.0,ANTIOQUIA,ENVIGADO,7,0,2,6,6.1719,-75.5803
47,5282.0,ANTIOQUIA,FREDONIA,6,0,3,5,5.9267,-75.6739
48,5284.0,ANTIOQUIA,FRONTINO,3,0,3,1,6.7786,-76.1314
49,5306.0,ANTIOQUIA,GIRALDO,6,1,1,5,6.6806,-75.9528
50,5308.0,ANTIOQUIA,GIRARDOTA,7,0,2,6,6.3769,-75.4461
51,5310.0,ANTIOQUIA,GOMEZ PLATA,3,1,3,2,6.683268866,-75.22001803
52,5313.0,ANTIOQUIA,GRANADA,0,1,3,2,6.1442,-75.1853
53,5315.0,ANTIOQUIA,GUADALUPE,0,1,3,2,6.8145,-75.2406
54,5318.0,ANTIOQUIA,GUARNE,5,0,3,7,6.2792,-75.4419
55,5321.0,ANTIOQUIA,GUATAPE,0,3,2,7,6.232592708,-75.16229259
56,5347.0,ANTIOQUIA,HELICONIA,6,1,2,5,6.2106,-75.73
57,5353.0,ANTIOQUIA,HISPANIA,6,1,2,5,5.803,-75.912
58,5360.0,ANTIOQUIA,ITAGUI,6,1,2,5,6.169597629,-75.61435871
59,5361.0,ANTIOQUIA,ITUANGO,1,0,2,1,7.1711,-75.7636
60,5364.0,ANTIOQUIA,JARDIN,6,2,3,5,5.59754174,-75.81898092
61,5368.0,ANTIOQUIA,JERICO,6,0,3,5,5.789747931,-75.78549856
62,5376.0,ANTIOQUIA,LA CEJA,5,1,2,7,6.0308,-75.4315
63,5380.0,ANTIOQUIA,LA ESTRELLA,6,0,3,5,6.1577,-75.6432
64,5390.0,ANTIOQUIA,LA PINTADA,6,1,2,5,5.7419,-75.6053
65,5400.0,ANTIOQUIA,LA UNION,5,1,2,7,5.973844906,-75.36087442
66,5411.0,ANTIOQUIA,LIBORINA,6,1,1,5,6.6781,-75.8122
67,5425.0,ANTIOQUIA,MACEO,5,3,2,7,6.5533,-74.7872
68,5440.0,ANTIOQUIA,MARINILLA,5,1,2,7,6.1744,-75.3389
69,5467.0,ANTIOQUIA,MONTEBELLO,7,0,3,6,5.946313163,-75.52345531
70,5475.0,ANTIOQUIA,MURINDO,5,1,1,7,6.977694486,-76.81746412
71,5480.0,ANTIOQUIA,MUTATA,3,0,2,1,7.242875057,-76.4358754
72,5483.0,ANTIOQUIA,NARIÑO,0,0,3,2,5.6089,-75.1766
73,5490.0,ANTIOQUIA,NECOCLI,5,1,1,7,8.426135984,-76.7845745
74,5495.0,ANTIOQUIA,NECHI,5,1,1,7,8.094128661,-74.77647012
75,5501.0,ANTIOQUIA,OLAYA,6,1,1,5,6.6278,-75.8119
76,5541.0,ANTIOQUIA,PEÑOL,0,1,3,2,6.2191,-75.2433
77,5543.0,ANTIOQUIA,PEQUE,5,1,2,7,7.0214,-75.9094
78,5576.0,ANTIOQUIA,PUEBLORRICO,6,0,2,5,5.7906,-75.8406
79,5579.0,ANTIOQUIA,PUERTO BERRIO,5,3,1,7,6.487032439,-74.40994922
80,5585.0,ANTIOQUIA,PUERTO NARE,5,3,2,7,6.1844,-74.5836
81,5591.0,ANTIOQUIA,PUERTO TRIUNFO,7,3,1,6,5.8728,-74.6397
82,5604.0,ANTIOQUIA,REMEDIOS,0,1,2,2,7.0275,-74.6939
83,5607.0,ANTIOQUIA,RETIRO,7,0,3,6,6.0597,-75.5039
84,5615.0,ANTIOQUIA,RIONEGRO,5,0,3,7,6.1551,-75.3737
85,5628.0,ANTIOQUIA,SABANALARGA,4,1,1,0,6.8489,-75.8171
86,5631.0,ANTIOQUIA,SABANETA,6,0,2,5,6.1508,-75.615
87,5642.0,ANTIOQUIA,SALGAR,4,0,3,0,5.9639,-75.9775
88,5647.0,ANTIOQUIA,SAN ANDRES,7,1,2,6,6.912558243,-75.6760076
89,5649.0,ANTIOQUIA,SAN CARLOS,3,3,3,1,6.1872,-74.9922
90,5652.0,ANTIOQUIA,SAN FRANCISCO,3,1,3,2,5.9642,-75.1017
91,5656.0,ANTIOQUIA,SAN JERONIMO,6,1,2,5,6.448065857,-75.72699982
92,5658.0,ANTIOQUIA,SAN JOSE DE LA MONTAÑA,4,3,1,0,6.850090299,-75.68335163
93,5659.0,ANTIOQUIA,SAN JUAN DE URABA,7,3,1,6,8.759369175,-76.52879606
94,5660.0,ANTIOQUIA,SAN LUIS,3,3,3,2,6.0434,-74.9937
95,5664.0,ANTIOQUIA,SAN PEDRO,7,1,2,6,6.4613,-75.5578
96,5665.0,ANTIOQUIA,SAN PEDRO DE URABA,5,1,1,7,8.276886664,-76.38057789
97,5667.0,ANTIOQUIA,SAN RAFAEL,3,3,3,1,6.295,-75.0281
98,5670.0,ANTIOQUIA,SAN ROQUE,3,3,3,2,6.4853,-75.0197
99,5674.0,ANTIOQUIA,SAN VICENTE,0,1,3,7,6.2819,-75.3322
100,5679.0,ANTIOQUIA,SANTA BARBARA,4,1,3,0,5.875526798,-75.56735075
101,5686.0,ANTIOQUIA,SANTA.ROSA DE OSOS,3,1,3,2,6.643365573,-75.46072296
102,5690.0,ANTIOQUIA,SANTO DOMINGO,3,1,3,2,6.4708,-75.1658
103,5697.0,ANTIOQUIA,SANTUARIO,0,1,2,2,6.1383,-75.2642
104,5736.0,ANTIOQUIA,SEGOVIA,0,1,2,2,7.0781,-74.7017
105,5756.0,ANTIOQUIA,SONSON,1,0,3,3,5.714851126,-75.30959585
106,5761.0,ANTIOQUIA,SOPETRAN,6,1,1,5,6.500744708,-75.7473777
107,5789.0,ANTIOQUIA,TAMESIS,6,0,3,5,5.664644561,-75.71442921
108,5790.0,ANTIOQUIA,TARAZA,3,1,3,2,7.580127342,-75.40140708
109,5792.0,ANTIOQUIA,TARSO,6,0,3,5,5.865,-75.8225
110,5809.0,ANTIOQUIA,TITIRIBI,6,0,2,5,6.060980082,-75.79154901
111,5819.0,ANTIOQUIA,TOLEDO,4,1,2,0,7.0131,-75.6953
112,5837.0,ANTIOQUIA,TURBO,3,1,1,2,8.0931,-76.7283
113,5842.0,ANTIOQUIA,URAMITA,5,1,2,7,6.8986,-76.1736
114,5847.0,ANTIOQUIA,URRAO,3,2,3,1,6.3156,-76.1342
115,5854.0,ANTIOQUIA,VALDIVIA,3,1,3,1,7.1636,-75.4392
116,5856.0,ANTIOQUIA,VALPARAISO,6,0,2,5,5.614555317,-75.6244519
117,5858.0,ANTIOQUIA,VEGACHI,0,1,2,2,6.773448056,-74.79874312
118,5861.0,ANTIOQUIA,VENECIA,6,0,2,5,5.9628,-75.7381
119,5873.0,ANTIOQUIA,VIGIA DEL FUERTE,5,0,1,7,6.588119845,-76.89618698
120,5885.0,ANTIOQUIA,YALI,0,3,2,2,6.6765542,-74.84005916
121,5887.0,ANTIOQUIA,YARUMAL,3,0,3,1,6.9633,-75.4172
122,5890.0,ANTIOQUIA,YOLOMBO,1,1,2,3,6.594510628,-75.01338451
123,5893.0,ANTIOQUIA,YONDO,5,1,1,7,7.003947766,-73.91245971
124,5895.0,ANTIOQUIA,ZARAGOZA,0,1,2,2,7.4897,-74.8692
125,8001.0,ATLANTICO,BARRANQUILLA,7,1,1,6,10.9639,-74.7964
126,8078.0,ATLANTICO,BARANOA,7,3,1,6,10.7956,-74.9194
127,8137.0,ATLANTICO,CAMPO DE LA CRUZ,7,3,1,6,10.3778,-74.8814
128,8141.0,ATLANTICO,CANDELARIA,7,3,1,6,10.4592,-74.8806
129,8296.0,ATLANTICO,GALAPA,7,3,1,6,10.8969,-74.886
130,8372.0,ATLANTICO,JUAN DE ACOSTA,7,3,1,6,10.8286,-75.035
131,8421.0,ATLANTICO,LURUACO,7,3,1,6,10.6083,-75.1417
132,8433.0,ATLANTICO,MALAMBO,7,3,1,6,10.8595,-74.7739
133,8436.0,ATLANTICO,MANATI,7,3,1,6,10.44896532,-74.95703581
134,8520.0,ATLANTICO,PALMAR DE VARELA,7,3,1,6,10.7389,-74.7547
135,8549.0,ATLANTICO,PIOJO,7,3,1,6,10.74925798,-75.10752322
136,8558.0,ATLANTICO,POLONUEVO,7,3,1,6,10.7772,-74.8528
137,8560.0,ATLANTICO,PONEDERA,7,3,1,6,10.6419,-74.7531
138,8573.0,ATLANTICO,PUERTO COLOMBIA,7,3,1,6,10.9922,-74.9528
139,8606.0,ATLANTICO,REPELON,7,3,1,6,10.49334167,-75.12548162
140,8634.0,ATLANTICO,SABANAGRANDE,7,3,1,6,10.7903,-74.7556
141,8638.0,ATLANTICO,SABANALARGA,7,3,1,6,10.63,-74.9236
142,8675.0,ATLANTICO,SANTA LUCIA,7,3,1,6,10.32327321,-74.95897145
143,8685.0,ATLANTICO,SANTO TOMAS,7,3,1,6,10.75605629,-74.75411186
144,8758.0,ATLANTICO,SOLEDAD,7,3,1,6,10.92,-74.77
145,8770.0,ATLANTICO,SUAN,7,3,1,6,10.3335,-74.8802
146,8832.0,ATLANTICO,TUBARA,7,3,1,6,10.87358611,-74.97870404
147,8849.0,ATLANTICO,USIACURI,7,3,1,6,10.74298002,-74.97698512
148,11001.0,SANTA FE DE BOGOTA  D. C.,SANTA FE DE BOGOTA  D. C.,0,0,2,2,4.650173031,-74.107359
149,13001.0,BOLIVAR,CARTAGENA,7,3,1,6,10.4236,-75.5253
150,13006.0,BOLIVAR,ACHI,7,1,1,6,8.569113066,-74.55706477
151,13030.0,BOLIVAR,ALTOS DEL ROSARIO,7,3,1,6,8.7914,-74.1636
152,13042.0,BOLIVAR,ARENAL,5,1,2,7,8.4593,-73.9433
153,13052.0,BOLIVAR,ARJONA,7,3,1,6,10.255,-75.3447
154,13062.0,BOLIVAR,ARROYOHONDO,7,3,1,6,10.2494,-75.0194
155,13074.0,BOLIVAR,BARRANCO DE LOBA,7,1,1,6,8.9456,-74.1058
156,13140.0,BOLIVAR,CALAMAR,7,3,1,6,10.2527,-74.9157
157,13160.0,BOLIVAR,CANTAGALLO,0,1,1,7,7.3761,-73.9153
158,13188.0,BOLIVAR,CICUCO,4,3,1,0,9.2783,-74.6447
159,13212.0,BOLIVAR,CORDOBA,4,3,1,0,9.586907049,-74.82745862
160,13222.0,BOLIVAR,CLEMENCIA,7,3,1,6,10.5675,-75.3258
161,13244.0,BOLIVAR,EL CARMEN DE BOLIVAR,7,3,1,6,9.718520122,-75.12120455
162,13248.0,BOLIVAR,EL GUAMO,7,3,1,6,10.035,-74.9967
163,13268.0,BOLIVAR,EL PENON,7,3,1,6,8.988282935,-73.94928854
164,13300.0,BOLIVAR,HATILLO DE LOBA,7,3,1,0,8.9556,-74.0769
165,13430.0,BOLIVAR,MAGANGUE,4,3,1,0,9.268540482,-74.77017457
166,13433.0,BOLIVAR,MAHATES,7,3,1,6,10.2322,-75.1911
167,13440.0,BOLIVAR,MARGARITA,7,3,1,0,9.1531,-74.2881
168,13442.0,BOLIVAR,MARIA LA BAJA,7,3,1,6,9.982553607,-75.30059682
169,13458.0,BOLIVAR,MONTECRISTO,0,1,2,2,8.2958,-74.4728
170,13468.0,BOLIVAR,MOMPOS,4,3,1,0,9.243893702,-74.42788913
171,13473.0,BOLIVAR,MORALES,5,1,2,7,8.2752,-73.8688
172,13549.0,BOLIVAR,PINILLOS,7,3,1,6,8.915,-74.4619
173,13580.0,BOLIVAR,REGIDOR,7,1,1,6,8.6664,-73.8222
174,13600.0,BOLIVAR,RIO VIEJO,5,1,1,7,8.587627719,-73.83994548
175,13620.0,BOLIVAR,SAN CRISTOBAL,7,3,1,6,10.39285988,-75.06553581
176,13647.0,BOLIVAR,SAN ESTANISLAO,7,3,1,6,10.3978,-75.1514
177,13650.0,BOLIVAR,SAN FERNANDO,4,3,1,0,9.2119,-74.3231
178,13654.0,BOLIVAR,SAN JACINTO,7,3,1,6,9.8311,-75.1219
179,13655.0,BOLIVAR,SAN JACINTO DEL CAUCA,5,1,1,7,8.2497,-74.72
180,13657.0,BOLIVAR,SAN JUAN NEPOMUCENO,7,3,1,6,9.9522,-75.0811
181,13667.0,BOLIVAR,SAN MARTIN DE LOBA,7,1,1,6,8.937102736,-74.03901412
182,13670.0,BOLIVAR,SAN PABLO,0,1,2,2,7.4764,-73.9231
183,13673.0,BOLIVAR,SANTA CATALINA,7,3,1,6,10.6039,-75.2878
184,13683.0,BOLIVAR,SANTA ROSA,7,3,1,6,10.4456,-75.3686
185,13688.0,BOLIVAR,SANTA ROSA DEL SUR,0,1,2,2,7.9633,-74.0533
186,13744.0,BOLIVAR,SIMITI,0,1,2,2,7.954176376,-73.94731196
187,13760.0,BOLIVAR,SOPLAVIENTO,7,3,1,6,10.3908,-75.1367
188,13780.0,BOLIVAR,TALAIGUA NUEVO,4,3,1,0,9.3028,-74.5678
189,13810.0,BOLIVAR,TIQUISIO,5,1,1,7,8.5578,-74.2639
190,13836.0,BOLIVAR,TURBACO,7,3,1,6,10.3319,-75.4142
191,13838.0,BOLIVAR,TURBANA,7,3,1,6,10.27439293,-75.44249669
192,13873.0,BOLIVAR,VILLANUEVA,7,3,1,6,10.4436,-75.2731
193,13894.0,BOLIVAR,ZAMBRANO,4,3,1,0,9.7474,-74.8157
194,15001.0,BOYACA,TUNJA,4,3,1,0,5.5403,-73.3614
195,15022.0,BOYACA,ALMEIDA,7,1,1,6,4.9706,-73.3786
196,15047.0,BOYACA,AQUITANIA,0,1,2,2,5.5194,-72.8836
197,15051.0,BOYACA,ARCABUCO,7,1,2,6,5.7544,-73.4375
198,15087.0,BOYACA,BELEN,7,3,1,6,5.98927786,-72.91161957
199,15090.0,BOYACA,BERBEO,5,1,1,7,5.2267,-73.1267
200,15092.0,BOYACA,BETEITIVA,7,3,1,6,5.90997752,-72.80901387
201,15097.0,BOYACA,BOAVITA,7,3,2,6,6.3308,-72.5842
202,15104.0,BOYACA,BOYACA,7,3,1,6,5.454604617,-73.36194649
203,15106.0,BOYACA,BRICEÑO,6,3,2,5,5.6914,-73.9222
204,15109.0,BOYACA,BUENAVISTA,4,1,2,0,5.5114,-73.9419
205,15114.0,BOYACA,BUSBANZA,4,3,1,0,5.831392928,-72.88415777
206,15131.0,BOYACA,CALDAS,4,3,2,0,5.5546,-73.8657
207,15135.0,BOYACA,CAMPOHERMOSO,0,1,1,2,5.0311,-73.1033
208,15162.0,BOYACA,CERINZA,4,3,1,0,5.9564,-72.9469
209,15172.0,BOYACA,CHINAVITA,5,3,1,6,5.1669,-73.3689
210,15176.0,BOYACA,CHIQUINQUIRA,4,3,2,0,5.613787821,-73.8187463
211,15180.0,BOYACA,CHISCAS,5,3,1,7,6.5531,-72.4994
212,15183.0,BOYACA,CHITA,0,3,2,2,6.1878,-72.4725
213,15185.0,BOYACA,CHITARAQUE,4,1,3,0,6.0283,-73.4469
214,15187.0,BOYACA,CHIVATA,4,3,1,0,5.558948845,-73.28252944
215,15189.0,BOYACA,CIENEGA,7,3,1,6,5.408702192,-73.29606129
216,15204.0,BOYACA,COMBITA,7,1,2,6,5.634545424,-73.32395675
217,15212.0,BOYACA,COPER,7,1,2,6,5.4739,-74.0475
218,15215.0,BOYACA,CORRALES,7,3,1,6,5.8286,-72.845
219,15218.0,BOYACA,COVARACHIA,7,1,2,6,6.50017746,-72.73897793
220,15223.0,BOYACA,CUBARA,3,3,1,1,7.000092876,-72.11068776
221,15224.0,BOYACA,CUCAITA,4,3,2,0,5.5439,-73.4542
222,15226.0,BOYACA,CUITIVA,7,1,2,6,5.580367231,-72.96592323
223,15232.0,BOYACA,CHIQUIZA,4,3,2,0,5.639834305,-73.44946262
224,15236.0,BOYACA,CHIVOR,5,1,1,7,4.8878,-73.3683
225,15238.0,BOYACA,DUITAMA,7,1,2,6,5.8219,-73.0297
226,15244.0,BOYACA,EL COCUY,5,3,2,7,6.4094,-72.4444
227,15248.0,BOYACA,EL ESPINO,7,3,1,6,6.4825,-72.4967
228,15272.0,BOYACA,FIRAVITOBA,7,3,1,6,5.6694,-72.9928
229,15276.0,BOYACA,FLORESTA,7,3,1,6,5.8594,-72.9186
230,15293.0,BOYACA,GACHANTIVA,4,3,2,0,5.751891082,-73.54909239
231,15296.0,BOYACA,GAMEZA,5,3,1,7,5.802332847,-72.80553039
232,15299.0,BOYACA,GARAGOA,5,1,1,7,5.0822,-73.3639
233,15317.0,BOYACA,GUACAMAYAS,7,3,1,6,6.4594,-72.5006
234,15322.0,BOYACA,GUATEQUE,7,3,1,6,5.0058,-73.4731
235,15325.0,BOYACA,GUAYATA,5,1,1,6,4.967121866,-73.48969758
236,15332.0,BOYACA,GUICAN,0,3,1,2,6.462863755,-72.41176261
237,15362.0,BOYACA,IZA,7,3,1,6,5.6125,-72.9786
238,15367.0,BOYACA,JENESANO,7,3,1,6,5.385,-73.3636
239,15368.0,BOYACA,JERICO,5,3,1,6,6.145901606,-72.57072975
240,15377.0,BOYACA,LABRANZAGRANDE,0,3,1,2,5.5633,-72.5775
241,15380.0,BOYACA,LA CAPILLA,7,3,1,6,5.0956,-73.4436
242,15401.0,BOYACA,LA VICTORIA,6,3,2,5,5.5228,-74.2328
243,15403.0,BOYACA,LA UVITA,7,3,2,6,6.3161,-72.56
244,15407.0,BOYACA,VILLA DE LEYVA,4,3,1,0,5.6331,-73.5256
245,15425.0,BOYACA,MACANAL,5,0,1,7,4.9719,-73.3194
246,15442.0,BOYACA,MARIPI,4,3,2,0,5.55009071,-74.00404995
247,15455.0,BOYACA,MIRAFLORES,5,1,1,7,5.1964,-73.1444
248,15464.0,BOYACA,MONGUA,0,3,1,2,5.7533,-72.7986
249,15466.0,BOYACA,MONGUI,5,3,1,6,5.723486391,-72.84929243
250,15469.0,BOYACA,MONIQUIRA,4,1,2,0,5.876334811,-73.57337039
251,15476.0,BOYACA,MOTAVITA,4,3,2,0,5.5772,-73.3672
252,15480.0,BOYACA,MUZO,4,3,2,0,5.5297,-74.1044
253,15491.0,BOYACA,NOBSA,7,3,1,6,5.7697,-72.94
254,15494.0,BOYACA,NUEVO COLON,7,3,1,6,5.355376311,-73.45694841
255,15500.0,BOYACA,OICATA,4,3,1,0,5.595234238,-73.30840398
256,15507.0,BOYACA,OTANCHE,7,1,3,6,5.6578,-74.1806
257,15511.0,BOYACA,PACHAVITA,7,3,1,6,5.1406,-73.3978
258,15514.0,BOYACA,PAEZ,0,1,1,2,5.094621211,-73.0544963
259,15516.0,BOYACA,PAIPA,7,1,2,6,5.78,-73.1175
260,15518.0,BOYACA,PAJARITO,0,3,1,7,5.2931,-72.7031
261,15522.0,BOYACA,PANQUEBA,7,3,1,6,6.4428,-72.4592
262,15531.0,BOYACA,PAUNA,7,1,2,6,5.6561,-73.9789
263,15533.0,BOYACA,PAYA,0,3,1,2,5.6253,-72.4239
264,15537.0,BOYACA,PAZ DE RIO,7,3,1,6,5.987644906,-72.74913738
265,15542.0,BOYACA,PESCA,5,3,1,7,5.5589,-73.0503
266,15550.0,BOYACA,PISBA,5,3,1,7,5.7225,-72.4853
267,15572.0,BOYACA,PUERTO BOYACA,5,1,3,7,5.977934951,-74.58799919
268,15580.0,BOYACA,QUIPAMA,7,1,3,6,5.518370385,-74.17772939
269,15599.0,BOYACA,RAMIRIQUI,7,3,1,6,5.40029132,-73.33485214
270,15600.0,BOYACA,RAQUIRA,7,1,2,6,5.539135714,-73.63254269
271,15621.0,BOYACA,RONDON,7,3,1,6,5.357378217,-73.20847389
272,15632.0,BOYACA,SABOYA,4,3,2,0,5.697755637,-73.76445633
273,15638.0,BOYACA,SACHICA,4,3,2,0,5.584304511,-73.54253859
274,15646.0,BOYACA,SAMACA,7,3,2,6,5.492307552,-73.48561848
275,15660.0,BOYACA,SAN EDUARDO,5,1,1,7,5.2225,-73.0769
276,15664.0,BOYACA,SAN JOSE DE PARE,6,3,2,5,6.018923923,-73.54539704
277,15667.0,BOYACA,SAN LUIS DE GACENO,0,1,1,2,4.8202,-73.1684
278,15673.0,BOYACA,SAN MATEO,7,3,1,6,6.4025,-72.555
279,15676.0,BOYACA,SAN MIGUEL DE SEMA,4,1,2,0,5.5178,-73.7228
280,15681.0,BOYACA,SAN PABLO BORBUR,4,1,2,0,5.650742715,-74.06996292
281,15686.0,BOYACA,SANTANA,6,3,2,5,6.0572,-73.4811
282,15690.0,BOYACA,SANTA MARIA,0,0,1,2,4.857192995,-73.26351766
283,15693.0,BOYACA,SAN ROSA VITERBO,7,3,1,6,5.874555598,-72.98246092
284,15696.0,BOYACA,SANTA SOFIA,4,3,2,0,5.713269421,-73.60270717
285,15720.0,BOYACA,SATIVANORTE,7,3,1,6,6.1314,-72.7075
286,15723.0,BOYACA,SATIVASUR,7,3,1,6,6.0933,-72.7117
287,15740.0,BOYACA,SIACHOQUE,7,3,1,6,5.5131,-73.2442
288,15753.0,BOYACA,SOATA,7,1,2,6,6.331944597,-72.68405135
289,15755.0,BOYACA,SOCOTA,0,3,2,2,6.041161833,-72.63665338
290,15757.0,BOYACA,SOCHA,7,3,2,6,5.9978,-72.6922
291,15759.0,BOYACA,SOGAMOSO,5,1,2,7,5.7158,-72.9333
292,15761.0,BOYACA,SOMONDOCO,7,1,1,6,4.9861,-73.4322
293,15762.0,BOYACA,SORA,4,3,2,0,5.574,-73.497
294,15763.0,BOYACA,SOTAQUIRA,7,1,2,6,5.765230774,-73.24733448
295,15764.0,BOYACA,SORACA,7,3,1,6,5.500898262,-73.33280386
296,15774.0,BOYACA,SUSACON,7,1,2,6,6.230332074,-72.69028925
297,15776.0,BOYACA,SUTAMARCHAN,4,3,2,0,5.619781419,-73.6205861
298,15778.0,BOYACA,SUTATENZA,7,3,1,6,5.0211,-73.4519
299,15790.0,BOYACA,TASCO,5,3,2,7,5.9092,-72.7814
300,15798.0,BOYACA,TENZA,7,3,1,6,5.0769,-73.4211
301,15804.0,BOYACA,TIBANA,7,3,1,6,5.317250924,-73.39645722
302,15806.0,BOYACA,TIBASOSA,7,3,1,6,5.7481,-72.9989
303,15808.0,BOYACA,TINJACA,4,3,2,0,5.57971331,-73.64684734
304,15810.0,BOYACA,TIPACOQUE,4,3,1,0,6.4203,-72.6917
305,15814.0,BOYACA,TOCA,7,3,1,6,5.5639,-73.184
306,15816.0,BOYACA,TOGUI,4,1,2,0,5.937438225,-73.51365506
307,15820.0,BOYACA,TOPAGA,7,3,1,6,5.768201449,-72.83224493
308,15822.0,BOYACA,TOTA,5,1,1,7,5.5603,-72.9861
309,15832.0,BOYACA,TUNUNGUA,6,3,2,5,5.730582208,-73.9331548
310,15835.0,BOYACA,TURMEQUE,7,3,1,6,5.323252767,-73.49184702
311,15837.0,BOYACA,TUTA,7,3,2,6,5.6897,-73.2275
312,15839.0,BOYACA,TUTAZA,4,3,1,0,6.032607903,-72.85603548
313,15842.0,BOYACA,UMBITA,7,3,1,6,5.221176201,-73.45691657
314,15861.0,BOYACA,VENTAQUEMADA,7,3,1,6,5.3664,-73.5219
315,15879.0,BOYACA,VIRACACHA,7,3,1,6,5.436788534,-73.29689965
316,15897.0,BOYACA,ZETAQUIRA,5,1,1,7,5.2839,-73.1703
317,17001.0,CALDAS,MANIZALES,0,2,0,2,5.0661,-75.4847
318,17013.0,CALDAS,AGUADAS,0,0,3,7,5.6092,-75.4564
319,17042.0,CALDAS,ANSERMA,6,1,3,5,5.2348,-75.7846
320,17050.0,CALDAS,ARANZAZU,5,0,3,7,5.2714,-75.4908
321,17088.0,CALDAS,BELALCAZAR,6,1,2,5,4.993784895,-75.8119177
322,17174.0,CALDAS,CHINCHINA,4,0,3,0,4.98523578,-75.60752092
323,17272.0,CALDAS,FILADELFIA,4,1,3,0,5.2961,-75.5617
324,17380.0,CALDAS,LA DORADA,7,3,2,6,5.4538,-74.6647
325,17388.0,CALDAS,LA MERCED,4,1,3,0,5.3994,-75.5469
326,17433.0,CALDAS,MANZANARES,0,0,3,2,5.2519,-75.1569
327,17442.0,CALDAS,MARMATO,6,1,2,5,5.4753,-75.5992
328,17444.0,CALDAS,MARQUETALIA,0,0,3,2,5.2969,-75.0531
329,17446.0,CALDAS,MARULANDA,0,0,3,2,5.2842,-75.2603
330,17486.0,CALDAS,NEIRA,0,0,3,2,5.1664,-75.5189
331,17495.0,CALDAS,NORCASIA,5,1,3,7,5.5742,-74.8889
332,17513.0,CALDAS,PACORA,5,0,3,7,5.527171733,-75.45962126
333,17524.0,CALDAS,PALESTINA,6,1,2,5,5.0194,-75.6233
334,17541.0,CALDAS,PENSILVANIA,3,0,3,2,5.384,-75.1612
335,17614.0,CALDAS,RIOSUCIO,4,0,3,0,5.4208,-75.7028
336,17616.0,CALDAS,RISARALDA,6,1,2,5,5.1665,-75.766
337,17653.0,CALDAS,SALAMINA,0,0,3,2,5.4073,-75.4875
338,17662.0,CALDAS,SAMANA,3,0,3,1,5.413080098,-74.99226277
339,17665.0,CALDAS,SAN JOSE,6,1,2,5,5.081569475,-75.79200444
340,17777.0,CALDAS,SUPIA,6,0,2,5,5.446842982,-75.64966031
341,17867.0,CALDAS,VICTORIA,5,1,3,7,5.3165,-74.911
342,17873.0,CALDAS,VILLAMARIA,0,2,0,2,5.043806686,-75.5137606
343,17877.0,CALDAS,VITERBO,6,1,3,5,5.0606,-75.8733
344,18001.0,CAQUETA,FLORENCIA,2,2,2,4,1.6142,-75.6117
345,18029.0,CAQUETA,ALBANIA,1,1,1,1,1.3289,-75.8783
346,18094.0,CAQUETA,BELEN DE LOS ANDAQUIES,2,2,2,4,1.415786446,-75.87247395
347,18150.0,CAQUETA,CARTAGENA DEL CHAIRA,3,1,1,1,1.335134956,-74.84719837
348,18205.0,CAQUETA,CURRILLO,1,1,1,1,1.033473092,-75.91920506
349,18247.0,CAQUETA,EL DONCELLO,2,0,1,4,1.68,-75.285
350,18256.0,CAQUETA,EL PAUJIL,2,0,1,4,1.570373283,-75.32612346
351,18410.0,CAQUETA,LA MONTAÑITA,2,0,1,4,1.4792,-75.4361
352,18460.0,CAQUETA,MILAN,3,1,1,1,1.290209607,-75.5069262
353,18479.0,CAQUETA,MORELIA,1,1,1,3,1.4858,-75.7244
354,18592.0,CAQUETA,PUERTO RICO,2,0,1,4,1.9075,-75.1583
355,18610.0,CAQUETA,SAN JOSE DE LA FRAGUA,2,2,1,4,1.331957358,-75.97352815
356,18753.0,CAQUETA,SAN VICENTE DEL CAG?AN,2,0,1,4,2.119656916,-74.7664818
357,18756.0,CAQUETA,SOLANO,1,1,1,1,0.6983,-75.2539
358,18785.0,CAQUETA,SOLITA,3,1,1,1,0.8758,-75.6197
359,18860.0,CAQUETA,VALPARAISO,3,1,1,1,1.194618724,-75.70670964
360,19001.0,CAUCA,POPAYAN,5,0,2,7,2.482503391,-76.57406469
361,19022.0,CAUCA,ALMAGUER,4,1,1,0,1.9131,-76.8561
362,19050.0,CAUCA,ARGELIA,3,2,2,2,2.2558,-77.2492
363,19075.0,CAUCA,BALBOA,7,3,1,6,2.0406,-77.2164
364,19100.0,CAUCA,BOLIVAR,4,1,1,0,1.837350657,-76.96628185
365,19110.0,CAUCA,BUENOS AIRES,0,0,2,7,3.015,-76.6428
366,19130.0,CAUCA,CAJIBIO,5,1,2,7,2.623370902,-76.57068201
367,19137.0,CAUCA,CALDONO,4,1,2,0,2.7969,-76.4828
368,19142.0,CAUCA,CALOTO,4,3,2,0,3.0359,-76.4079
369,19212.0,CAUCA,CORINTO,7,1,2,6,3.1739,-76.2594
370,19256.0,CAUCA,EL TAMBO,1,2,3,3,2.452,-76.8103
371,19290.0,CAUCA,FLORENCIA,6,3,1,5,1.6822,-77.0722
372,19318.0,CAUCA,GUAPI,3,2,2,1,2.572918366,-77.88803347
373,19355.0,CAUCA,INZA,5,0,3,7,2.549182985,-76.06350272
374,19364.0,CAUCA,JAMBALO,7,1,1,6,2.777834099,-76.32387732
375,19392.0,CAUCA,LA SIERRA,4,1,1,0,2.1775,-76.7642
376,19397.0,CAUCA,LA VEGA,7,1,1,6,2.0008,-76.7778
377,19418.0,CAUCA,LOPEZ,1,2,2,3,2.846787643,-77.24780344
378,19450.0,CAUCA,MERCADERES,4,3,1,0,1.7953,-77.1653
379,19455.0,CAUCA,MIRANDA,5,1,2,7,3.2503,-76.2286
380,19473.0,CAUCA,MORALES,0,0,3,2,2.7603,-76.6339
381,19513.0,CAUCA,PADILLA,6,3,1,5,3.2204,-76.3139
382,19517.0,CAUCA,PAEZ,0,0,3,7,2.641366767,-75.97196451
383,19532.0,CAUCA,PATIA,7,1,2,6,2.115670227,-76.98097859
384,19533.0,CAUCA,PIAMONTE,2,2,1,4,1.1158,-76.3261
385,19548.0,CAUCA,PIENDAMO,6,3,2,5,2.642281341,-76.52861676
386,19573.0,CAUCA,PUERTO TEJADA,6,3,1,5,3.23,-76.4175
387,19585.0,CAUCA,PURACE,0,2,3,2,2.342644047,-76.49563894
388,19622.0,CAUCA,ROSAS,4,3,1,0,2.26,-76.74
389,19693.0,CAUCA,SAN SEBASTIAN,4,1,1,0,1.838373887,-76.7693316
390,19698.0,CAUCA,SANTANDER DE QUILICHAO,4,1,2,0,3.0083,-76.4839
391,19701.0,CAUCA,SANTA ROSA,1,2,2,3,1.7006,-76.5728
392,19743.0,CAUCA,SILVIA,5,0,2,6,2.6108,-76.3789
393,19760.0,CAUCA,SOTARA,7,1,2,6,2.25315594,-76.61336538
394,19780.0,CAUCA,SUAREZ,5,0,2,7,2.959785496,-76.69356959
395,19785.0,CAUCA,SUCRE,6,3,1,5,2.0375,-76.925
396,19807.0,CAUCA,TIMBIO,6,3,1,5,2.349266226,-76.67599532
397,19809.0,CAUCA,TIMBIQUI,3,2,1,2,2.77731222,-77.66754057
398,19821.0,CAUCA,TORIBIO,7,1,2,6,2.951450409,-76.27112721
399,19824.0,CAUCA,TOTORO,5,0,2,7,2.510229193,-76.40244251
400,19845.0,CAUCA,VILLA RICA,6,3,1,5,3.1736,-76.4631
401,20001.0,CESAR,VALLEDUPAR,3,0,0,1,10.4603,-73.2597
402,20011.0,CESAR,AGUACHICA,5,3,1,7,8.3067,-73.6153
403,20013.0,CESAR,AGUSTIN CODAZZI,1,0,1,3,10.04045708,-73.23839632
404,20032.0,CESAR,ASTREA,7,3,1,6,9.4969,-73.9761
405,20045.0,CESAR,BECERRIL,1,0,1,1,9.7031,-73.2775
406,20060.0,CESAR,BOSCONIA,7,3,1,6,9.9761,-73.8903
407,20175.0,CESAR,CHIMICHAGUA,5,3,1,6,9.2578,-73.8133
408,20178.0,CESAR,CHIRIGUANA,0,1,1,7,9.36118961,-73.60014444
409,20228.0,CESAR,CURUMANI,5,1,1,7,9.201810592,-73.54098652
410,20238.0,CESAR,EL COPEY,5,1,3,7,10.1489,-73.96
411,20250.0,CESAR,EL PASO,7,3,1,6,9.6622,-73.7519
412,20295.0,CESAR,GAMARRA,7,3,1,6,8.3208,-73.7433
413,20310.0,CESAR,GONZALEZ,5,3,1,7,8.389604097,-73.38003986
414,20383.0,CESAR,LA GLORIA,5,3,1,7,8.6186,-73.8025
415,20400.0,CESAR,LA JAGUA DE IBIRICO,0,1,1,2,9.5611,-73.3364
416,20443.0,CESAR,MANAURE,3,0,1,1,10.39089864,-73.02832046
417,20517.0,CESAR,PAILITAS,7,3,1,6,8.9597,-73.625
418,20550.0,CESAR,PELAYA,5,3,1,7,8.6892,-73.6653
419,20570.0,CESAR,PUEBLO BELLO,3,0,0,2,10.4164,-73.5867
420,20614.0,CESAR,RIO DE ORO,5,1,1,7,8.292291882,-73.38639319
421,20621.0,CESAR,LA PAZ,1,0,1,3,10.3844,-73.1733
422,20710.0,CESAR,SAN ALBERTO,0,3,1,7,7.7592,-73.3931
423,20750.0,CESAR,SAN DIEGO,0,1,1,2,10.3325,-73.1808
424,20770.0,CESAR,SAN MARTIN,0,3,1,2,7.999859123,-73.51091378
425,20787.0,CESAR,TAMALAMEQUE,7,3,1,6,8.8589,-73.8139
426,23001.0,CORDOBA,MONTERIA,5,1,1,7,8.745130085,-75.87557594
427,23068.0,CORDOBA,AYAPEL,5,3,1,7,8.3125,-75.145
428,23079.0,CORDOBA,BUENAVISTA,5,1,1,7,8.2233,-75.4817
429,23090.0,CORDOBA,CANALETE,7,3,1,6,8.79,-76.2411
430,23162.0,CORDOBA,CERETE,4,3,1,0,8.888604957,-75.79622082
431,23168.0,CORDOBA,CHIMA,4,3,1,0,9.149482918,-75.62689124
432,23182.0,CORDOBA,CHINU,4,3,1,0,9.105132304,-75.39972622
433,23189.0,CORDOBA,CIENAGA DE ORO,7,3,1,6,8.875491886,-75.6207759
434,23300.0,CORDOBA,COTORRA,4,3,1,0,9.0389,-75.7933
435,23350.0,CORDOBA,LA APARTADA,5,3,1,7,8.05,-75.3356
436,23417.0,CORDOBA,LORICA,7,3,1,6,9.2419,-75.816
437,23419.0,CORDOBA,LOS CORDOBAS,7,3,1,6,8.892097535,-76.35517962
438,23464.0,CORDOBA,MOMIL,4,3,1,0,9.2397,-75.6775
439,23466.0,CORDOBA,MONTELIBANO,3,1,2,2,7.973777245,-75.41681813
440,23500.0,CORDOBA,MOÑITOS,4,3,1,0,9.2461,-76.1286
441,23555.0,CORDOBA,PLANETA RICA,5,1,1,7,8.4089,-75.5819
442,23570.0,CORDOBA,PUEBLO NUEVO,7,3,1,6,8.505,-75.5075
443,23574.0,CORDOBA,PUERTO ESCONDIDO,7,3,1,6,9.0192,-76.2614
444,23580.0,CORDOBA,PUERTO LIBERTADOR,0,1,2,2,7.8881,-75.6717
445,23586.0,CORDOBA,PURISIMA,4,3,1,0,9.239299079,-75.72488526
446,23660.0,CORDOBA,SAHAGUN,7,3,1,6,8.943015003,-75.44584563
447,23670.0,CORDOBA,SAN ANDRES DE SOTAVENTO,4,3,1,0,9.145037335,-75.50897284
448,23672.0,CORDOBA,SAN ANTERO,7,3,1,6,9.3775,-75.7603
449,23675.0,CORDOBA,SAN BERNARDO DEL VIENTO,7,3,1,6,9.355,-75.9544
450,23678.0,CORDOBA,SAN CARLOS,7,3,1,6,8.7944,-75.6994
451,23686.0,CORDOBA,SAN PELAYO,7,3,1,6,8.9578,-75.8375
452,23807.0,CORDOBA,TIERRALTA,3,0,1,1,8.1728,-76.0594
453,23855.0,CORDOBA,VALENCIA,5,1,1,7,8.2592,-76.1469
454,25001.0,CUNDINAMARCA,AGUA DE DIOS,6,3,2,5,4.3781,-74.6683
455,25019.0,CUNDINAMARCA,ALBAN,4,1,3,0,4.878022124,-74.4382611
456,25035.0,CUNDINAMARCA,ANAPOIMA,7,3,2,6,4.5503,-74.5361
457,25040.0,CUNDINAMARCA,ANOLAIMA,7,1,2,0,4.7633,-74.4647
458,25053.0,CUNDINAMARCA,ARBELAEZ,7,1,2,6,4.272534362,-74.41490146
459,25086.0,CUNDINAMARCA,BELTRAN,6,3,2,5,4.802832033,-74.74166638
460,25095.0,CUNDINAMARCA,BITUIMA,4,1,2,0,4.8744,-74.5406
461,25099.0,CUNDINAMARCA,BOJACA,7,1,3,6,4.741758117,-74.34849164
462,25120.0,CUNDINAMARCA,CABRERA,4,1,1,0,3.986,-74.4828
463,25123.0,CUNDINAMARCA,CACHIPAY,4,1,2,0,4.7304,-74.4366
464,25126.0,CUNDINAMARCA,CAJICA,7,1,2,6,4.920848901,-74.0234747
465,25148.0,CUNDINAMARCA,CAPARRAPI,7,3,2,6,5.349010455,-74.49070823
466,25151.0,CUNDINAMARCA,CAQUEZA,5,1,1,7,4.404111654,-73.94647338
467,25154.0,CUNDINAMARCA,CARMEN DE CARUPA,7,1,2,6,5.3503,-73.9014
468,25168.0,CUNDINAMARCA,CHAGUANI,4,3,2,0,4.948915827,-74.59345529
469,25175.0,CUNDINAMARCA,CHIA,7,1,2,6,4.866065913,-74.05034649
470,25178.0,CUNDINAMARCA,CHIPAQUE,7,1,1,6,4.4425,-74.0442
471,25181.0,CUNDINAMARCA,CHOACHI,5,1,1,7,4.52704792,-73.92289448
472,25183.0,CUNDINAMARCA,CHOCONTA,7,1,1,6,5.145223656,-73.68353237
473,25200.0,CUNDINAMARCA,COGUA,7,1,2,6,5.0619,-73.9794
474,25214.0,CUNDINAMARCA,COTA,7,1,2,6,4.8094,-74.098
475,25224.0,CUNDINAMARCA,CUCUNUBA,7,1,1,6,5.249794922,-73.76611274
476,25245.0,CUNDINAMARCA,EL COLEGIO,7,3,2,6,4.5808,-74.4425
477,25258.0,CUNDINAMARCA,EL PEÑON,4,3,2,0,5.248746933,-74.29020703
478,25260.0,CUNDINAMARCA,EL ROSAL,7,1,2,6,4.8519,-74.2628
479,25269.0,CUNDINAMARCA,FACATATIVA,5,1,3,7,4.813063972,-74.35022826
480,25279.0,CUNDINAMARCA,FOMEQUE,0,0,2,2,4.485474344,-73.89252259
481,25281.0,CUNDINAMARCA,FOSCA,5,1,1,6,4.3383,-73.9392
482,25286.0,CUNDINAMARCA,FUNZA,7,1,2,6,4.7175,-74.2094
483,25288.0,CUNDINAMARCA,FUQUENE,4,1,2,0,5.403996688,-73.79585516
484,25290.0,CUNDINAMARCA,FUSAGASUGA,5,1,2,7,4.337922443,-74.36539783
485,25293.0,CUNDINAMARCA,GACHALA,0,0,1,2,4.693578673,-73.52016136
486,25295.0,CUNDINAMARCA,GACHANCIPA,7,1,1,6,4.990947008,-73.87346352
487,25297.0,CUNDINAMARCA,GACHETA,5,1,1,7,4.817022162,-73.63700651
488,25299.0,CUNDINAMARCA,GAMA,5,0,1,7,4.7628,-73.6108
489,25307.0,CUNDINAMARCA,GIRARDOT,6,3,2,5,4.3036,-74.8039
490,25312.0,CUNDINAMARCA,GRANADA,7,3,1,6,4.5186,-74.3514
491,25317.0,CUNDINAMARCA,GUACHETA,7,1,2,6,5.383378074,-73.68697247
492,25320.0,CUNDINAMARCA,GUADUAS,7,3,2,6,5.0694,-74.5981
493,25322.0,CUNDINAMARCA,GUASCA,5,0,2,7,4.8658,-73.8772
494,25324.0,CUNDINAMARCA,GUATAQUI,6,3,2,5,4.517417235,-74.78996878
495,25326.0,CUNDINAMARCA,GUATAVITA,5,0,2,7,4.9344,-73.8344
496,25328.0,CUNDINAMARCA,GUAYABAL DE SIQUIMA,4,1,3,0,4.877968134,-74.46743733
497,25335.0,CUNDINAMARCA,GUAYABETAL,0,0,1,2,4.2153,-73.8144
498,25339.0,CUNDINAMARCA,GUTIERREZ,5,1,1,7,4.254678867,-74.0030419
499,25368.0,CUNDINAMARCA,JERUSALEN,4,3,2,0,4.562308268,-74.69541923
500,25372.0,CUNDINAMARCA,JUNIN,0,0,2,2,4.790569638,-73.66296114
501,25377.0,CUNDINAMARCA,LA CALERA,5,0,2,7,4.7197,-73.97
502,25386.0,CUNDINAMARCA,LA MESA,7,1,2,6,4.6303,-74.4625
503,25394.0,CUNDINAMARCA,LA PALMA,4,3,2,0,5.3606,-74.3897
504,25398.0,CUNDINAMARCA,LA PEÑA,4,3,2,0,5.1992,-74.3936
505,25402.0,CUNDINAMARCA,LA VEGA,7,1,3,6,4.9978,-74.3398
506,25407.0,CUNDINAMARCA,LENGUAZAQUE,7,1,1,6,5.3069,-73.7117
507,25426.0,CUNDINAMARCA,MACHETA,7,1,1,6,5.080294515,-73.60758137
508,25430.0,CUNDINAMARCA,MADRID,7,1,2,6,4.7306,-74.2639
509,25436.0,CUNDINAMARCA,MANTA,7,1,1,6,5.0081,-73.5403
510,25438.0,CUNDINAMARCA,MEDINA,3,0,1,1,4.5092,-73.3494
511,25473.0,CUNDINAMARCA,MOSQUERA,7,1,2,6,4.7078,-74.2328
512,25483.0,CUNDINAMARCA,NARIÑO,6,3,2,5,4.3978,-74.8273
513,25486.0,CUNDINAMARCA,NEMOCON,7,1,1,6,5.067364638,-73.87962974
514,25488.0,CUNDINAMARCA,NILO,4,1,2,0,4.3069,-74.62
515,25489.0,CUNDINAMARCA,NIMAIMA,4,3,2,0,5.1261,-74.3858
516,25491.0,CUNDINAMARCA,NOCAIMA,4,1,2,0,5.0703,-74.3781
517,25506.0,CUNDINAMARCA,VENECIA,4,3,1,0,4.0881,-74.4775
518,25513.0,CUNDINAMARCA,PACHO,5,1,3,7,5.1328,-74.1598
519,25518.0,CUNDINAMARCA,PAIME,4,3,2,0,5.3706,-74.1517
520,25524.0,CUNDINAMARCA,PANDI,4,1,1,0,4.1911,-74.4878
521,25530.0,CUNDINAMARCA,PARATEBUENO,3,1,1,2,4.3753,-73.2131
522,25535.0,CUNDINAMARCA,PASCA,7,1,2,6,4.3075,-74.3008
523,25572.0,CUNDINAMARCA,PUERTO SALGAR,7,3,2,6,5.4653,-74.6531
524,25580.0,CUNDINAMARCA,PULI,4,3,2,0,4.682021985,-74.71438006
525,25592.0,CUNDINAMARCA,QUEBRADANEGRA,4,3,2,0,5.1178,-74.4792
526,25594.0,CUNDINAMARCA,QUETAME,5,0,1,7,4.3303,-73.8628
527,25596.0,CUNDINAMARCA,QUIPILE,4,1,2,0,4.7433,-74.5333
528,25599.0,CUNDINAMARCA,APULO,4,3,2,0,4.5208,-74.5986
529,25612.0,CUNDINAMARCA,RICAURTE,6,3,2,5,4.2808,-74.7647
530,25645.0,CUNDINAMARCA,SAN ANTONIO DE TEQUENDAMA,7,1,2,6,4.616138045,-74.35144269
531,25649.0,CUNDINAMARCA,SAN BERNARDO,7,3,1,6,4.1786,-74.4231
532,25653.0,CUNDINAMARCA,SAN CAYETANO,7,1,2,6,5.3322,-74.0256
533,25658.0,CUNDINAMARCA,SAN FRANCISCO,7,1,2,6,4.9711,-74.2892
534,25662.0,CUNDINAMARCA,SAN JUAN DE RIOSECO,4,3,2,0,4.8486,-74.6206
535,25718.0,CUNDINAMARCA,SASAIMA,7,1,3,6,4.965,-74.4347
536,25736.0,CUNDINAMARCA,SESQUILE,7,1,1,6,5.044759739,-73.79609879
537,25740.0,CUNDINAMARCA,SIBATE,7,1,1,6,4.48976422,-74.25899253
538,25743.0,CUNDINAMARCA,SILVANIA,7,3,1,6,4.4033,-74.3881
539,25745.0,CUNDINAMARCA,SIMIJACA,4,3,2,0,5.5033,-73.8517
540,25754.0,CUNDINAMARCA,SOACHA,5,1,3,6,4.5781,-74.2144
541,25758.0,CUNDINAMARCA,SOPO,7,1,2,6,4.906330809,-73.94577489
542,25769.0,CUNDINAMARCA,SUBACHOQUE,7,1,2,6,4.9281,-74.1736
543,25772.0,CUNDINAMARCA,SUESCA,7,1,1,6,5.1017,-73.7981
544,25777.0,CUNDINAMARCA,SUPATA,7,1,2,6,5.061619548,-74.23540301
545,25779.0,CUNDINAMARCA,SUSA,4,1,2,0,5.4539,-73.8144
546,25781.0,CUNDINAMARCA,SUTATAUSA,4,1,2,0,5.2472,-73.8525
547,25785.0,CUNDINAMARCA,TABIO,7,1,2,6,4.9158,-74.0983
548,25793.0,CUNDINAMARCA,TAUSA,5,1,2,7,5.1964,-73.8875
549,25797.0,CUNDINAMARCA,TENA,7,1,2,6,4.6547,-74.39
550,25799.0,CUNDINAMARCA,TENJO,7,1,2,6,4.8697,-74.1439
551,25805.0,CUNDINAMARCA,TIBACUY,4,1,2,0,4.3472,-74.4525
552,25807.0,CUNDINAMARCA,TIBIRITA,7,3,1,6,5.0511,-73.5042
553,25815.0,CUNDINAMARCA,TOCAIMA,4,3,2,0,4.4578,-74.6347
554,25817.0,CUNDINAMARCA,TOCANCIPA,7,1,2,6,4.964786354,-73.91209121
555,25823.0,CUNDINAMARCA,TOPAIPI,7,3,2,0,5.335973352,-74.30268797
556,25839.0,CUNDINAMARCA,UBALA,3,0,1,1,4.743994683,-73.53396661
557,25841.0,CUNDINAMARCA,UBAQUE,5,1,1,7,4.4831,-73.9344
558,25843.0,CUNDINAMARCA,UBATE,7,1,2,6,5.307528472,-73.81435559
559,25845.0,CUNDINAMARCA,UNE,7,1,1,6,4.4019,-74.025
560,25851.0,CUNDINAMARCA,UTICA,4,3,2,0,5.190549621,-74.48315435
561,25862.0,CUNDINAMARCA,VERGARA,7,1,2,6,5.1178,-74.3461
562,25867.0,CUNDINAMARCA,VIANI,4,3,2,0,4.875207524,-74.56131964
563,25871.0,CUNDINAMARCA,VILLAGOMEZ,4,1,2,0,5.273023756,-74.19514546
564,25873.0,CUNDINAMARCA,VILLAPINZON,7,3,1,6,5.216372853,-73.59565927
565,25875.0,CUNDINAMARCA,VILLETA,4,1,2,0,5.0128,-74.4731
566,25878.0,CUNDINAMARCA,VIOTA,7,1,2,6,4.439357159,-74.5231536
567,25885.0,CUNDINAMARCA,YACOPI,5,1,3,7,5.459272222,-74.33805995
568,25898.0,CUNDINAMARCA,ZIPACON,4,1,2,0,4.759932442,-74.37956579
569,25899.0,CUNDINAMARCA,ZIPAQUIRA,5,1,2,6,5.025441119,-73.99443175
570,27001.0,CHOCO,QUIBDO,1,2,3,3,5.69099697,-76.6265328
571,27006.0,CHOCO,ACANDI,0,0,1,2,8.512209518,-77.28027362
572,27025.0,CHOCO,ALTO BAUDO,7,0,1,6,5.516220902,-76.97437343
573,27050.0,CHOCO,ATRATO,7,0,1,6,5.531419396,-76.63567366
574,27073.0,CHOCO,BAGADO,3,2,3,1,5.409680539,-76.41606336
575,27075.0,CHOCO,BAHIA SOLANO,5,0,1,7,6.221270007,-77.40163339
576,27077.0,CHOCO,BAJO BAUDO,7,0,1,6,4.954575714,-77.36571749
577,27086.0,CHOCO,BLEN DE BAJIRA,0,0,1,2,7.371527778,-76.71447222
578,27099.0,CHOCO,BOJAYA,5,0,1,7,6.556257444,-76.8834695
579,27135.0,CHOCO,CANTON DE SAN PABLO,4,1,1,0,5.335320822,-76.72684391
580,27150.0,CHOCO,CARMEN DEL DARIEN,0,0,1,2,7.15853839,-76.97079521
581,27160.0,CHOCO,CERTEGUI,7,0,1,6,5.370413791,-76.60802121
582,27205.0,CHOCO,CONDOTO,1,2,0,1,5.0917,-76.65
583,27245.0,CHOCO,EL CARMEN DE ATRATO,0,2,3,7,5.8983,-76.1431
584,27250.0,CHOCO,EL LITORAL DEL SAN JUAN,1,2,3,3,4.256823039,-77.35989017
585,27361.0,CHOCO,ITSMINA,0,0,1,2,5.153946496,-76.68518032
586,27372.0,CHOCO,JURADO,0,0,1,2,7.103619083,-77.76275092
587,27413.0,CHOCO,LLORO,0,0,2,2,5.498150801,-76.54521063
588,27425.0,CHOCO,MEDIO ATRATO,0,0,2,2,5.994921572,-76.78243289
589,27430.0,CHOCO,MEDIO BAUDO,7,0,1,6,5.19247133,-76.9508909
590,27450.0,CHOCO,MEDIO SAN JUAN,5,1,1,6,5.100240748,-76.69335794
591,27491.0,CHOCO,NOVITA,1,2,3,3,4.956097009,-76.60711814
592,27495.0,CHOCO,NUQUI,7,0,1,6,5.708753059,-77.26561364
593,27580.0,CHOCO,RIO IRO,0,0,2,2,5.186299794,-76.47292479
594,27600.0,CHOCO,RIO QUITO,7,0,1,6,5.483667329,-76.74068443
595,27615.0,CHOCO,RIOSUCIO,3,0,1,1,7.4386,-77.1133
596,27660.0,CHOCO,SAN JOSE DEL PALMAR,3,2,3,2,4.89759308,-76.23284883
597,27745.0,CHOCO,SIPI,1,2,3,1,4.652620416,-76.64345321
598,27787.0,CHOCO,TADO,0,0,1,2,5.26413995,-76.55876602
599,27800.0,CHOCO,UNGUIA,3,0,1,2,8.042760782,-77.09175303
600,27810.0,CHOCO,UNION PANAMERICANA,4,1,1,0,5.28110798,-76.63014318
601,41001.0,HUILA,NEIVA,0,1,3,7,2.9275,-75.2875
602,41006.0,HUILA,ACEVEDO,3,2,2,1,1.8047,-75.8897
603,41013.0,HUILA,AGRADO,6,1,2,5,2.2573,-75.7714
604,41016.0,HUILA,AIPE,4,1,3,0,3.2219,-75.2375
605,41020.0,HUILA,ALGECIRAS,7,3,2,6,2.5219,-75.3144
606,41026.0,HUILA,ALTAMIRA,4,1,2,0,2.0633,-75.7878
607,41078.0,HUILA,BARAYA,7,3,2,6,3.1531,-75.0525
608,41132.0,HUILA,CAMPOALEGRE,4,3,2,0,2.6867,-75.3256
609,41206.0,HUILA,COLOMBIA,5,1,1,7,3.375,-74.8019
610,41244.0,HUILA,ELIAS,6,1,2,5,2.012842475,-75.93829508
611,41298.0,HUILA,GARZON,0,0,3,2,2.196994421,-75.62769374
612,41306.0,HUILA,GIGANTE,7,1,2,6,2.3867,-75.5461
613,41319.0,HUILA,GUADALUPE,0,0,3,2,2.025,-75.7564
614,41349.0,HUILA,HOBO,6,3,2,5,2.5833,-75.45
615,41357.0,HUILA,IQUIRA,0,0,3,7,2.64935907,-75.63449748
616,41359.0,HUILA,ISNOS,0,2,3,2,1.9289,-76.2158
617,41378.0,HUILA,LA ARGENTINA,0,2,3,2,2.1975,-75.98
618,41396.0,HUILA,LA PLATA,5,2,3,7,2.3934,-75.8923
619,41483.0,HUILA,NATAGA,6,1,3,5,2.545352901,-75.80878532
620,41503.0,HUILA,OPORAPA,7,2,3,6,2.0231,-75.9953
621,41518.0,HUILA,PAICOL,6,1,3,5,2.4497,-75.7739
622,41524.0,HUILA,PALERMO,6,1,3,5,2.8883,-75.4339
623,41530.0,HUILA,PALESTINA,5,2,2,7,1.7225,-76.1306
624,41548.0,HUILA,PITAL,4,0,3,0,2.2669,-75.8053
625,41551.0,HUILA,PITALITO,0,2,3,2,1.8539,-76.0514
626,41615.0,HUILA,RIVERA,7,3,2,6,2.7772,-75.2553
627,41660.0,HUILA,SALADOBLANCO,0,2,3,2,1.9933,-76.0453
628,41668.0,HUILA,SAN AGUSTIN,3,2,3,1,1.881081299,-76.27035968
629,41676.0,HUILA,SANTA MARIA,7,0,3,6,2.937615046,-75.5866608
630,41770.0,HUILA,SUAZA,0,0,3,2,1.975,-75.7956
631,41791.0,HUILA,TARQUI,4,0,3,0,2.1106,-75.8231
632,41797.0,HUILA,TESALIA,6,1,3,5,2.4847,-75.73
633,41799.0,HUILA,TELLO,7,3,2,6,3.0669,-75.1378
634,41801.0,HUILA,TERUEL,6,1,3,5,2.7406,-75.5683
635,41807.0,HUILA,TIMANA,4,1,2,0,1.974216505,-75.93207995
636,41872.0,HUILA,VILLAVIEJA,6,3,2,5,3.2189,-75.2183
637,41885.0,HUILA,YAGUARA,6,3,2,5,2.664694213,-75.51802329
638,44001.0,LA GUAJIRA,RIOHACHA,3,0,0,1,11.52873167,-72.91148033
639,44035.0,LA GUAJIRA,ALBANIA,5,1,1,7,11.161,-72.5924
640,44078.0,LA GUAJIRA,BARRANCAS,3,0,1,2,10.9567,-72.7946
641,44090.0,LA GUAJIRA,DIBULLA,3,2,0,1,11.2725,-73.3089
642,44098.0,LA GUAJIRA,DISTRACCION,5,1,1,7,10.89841403,-72.88740483
643,44110.0,LA GUAJIRA,EL MOLINO,3,0,1,1,10.653,-72.9246
644,44279.0,LA GUAJIRA,FONSECA,3,0,1,1,10.8858,-72.8481
645,44378.0,LA GUAJIRA,HATONUEVO,5,1,1,7,11.0672,-72.7631
646,44420.0,LA GUAJIRA,LA JAGUA DEL PILAR,1,0,1,1,10.51,-73.0714
647,44430.0,LA GUAJIRA,MAICAO,5,1,1,6,11.3778,-72.2414
648,44560.0,LA GUAJIRA,MANAURE,7,3,1,6,11.775,-72.4444
649,44650.0,LA GUAJIRA,SAN JUAN DEL CESAR,1,2,0,3,10.7708,-73.0031
650,44847.0,LA GUAJIRA,URIBIA,4,3,1,0,11.7139,-72.2658
651,44855.0,LA GUAJIRA,URUMITA,1,0,1,1,10.5603,-73.0136
652,44874.0,LA GUAJIRA,VILLANUEVA,3,0,1,1,10.6077,-72.979
653,47001.0,MAGDALENA,SANTA MARTA,3,2,0,1,11.2361,-74.2017
654,47030.0,MAGDALENA,ALGARROBO,7,3,1,6,10.1886,-74.06
655,47053.0,MAGDALENA,ARACATACA,3,0,0,1,10.5911,-74.185
656,47058.0,MAGDALENA,ARIGUANI,7,3,1,6,9.847055044,-74.23650208
657,47161.0,MAGDALENA,CERRO SAN ANTONIO,7,3,1,6,10.32562135,-74.86848102
658,47170.0,MAGDALENA,CHIVOLO,7,3,1,6,10.0264,-74.6214
659,47189.0,MAGDALENA,CIENAGA,1,2,0,1,11.00665662,-74.24128672
660,47205.0,MAGDALENA,CONCORDIA,7,3,1,6,10.2581,-74.8322
661,47245.0,MAGDALENA,EL BANCO,7,3,1,6,9.0008,-73.9744
662,47258.0,MAGDALENA,EL PIÑON,7,3,1,6,10.40307122,-74.82326271
663,47268.0,MAGDALENA,EL RETEN,5,1,1,7,10.61046795,-74.26841437
664,47288.0,MAGDALENA,FUNDACION,3,0,0,2,10.51411171,-74.19137165
665,47318.0,MAGDALENA,GUAMAL,7,3,1,6,9.1442,-74.2236
666,47460.0,MAGDALENA,NUEVA GRANADA,7,3,1,6,9.8011,-74.3917
667,47541.0,MAGDALENA,PEDRAZA,7,3,1,6,10.1886,-74.9156
668,47545.0,MAGDALENA,PIJINO DEL CARMEN,7,3,1,6,9.334375566,-74.45925672
669,47551.0,MAGDALENA,PIVIJAY,5,3,1,7,10.4608,-74.6153
670,47555.0,MAGDALENA,PLATO,7,3,1,6,9.7925,-74.7825
671,47570.0,MAGDALENA,PUEBLOVIEJO,5,1,1,7,10.9942,-74.2833
672,47605.0,MAGDALENA,REMOLINO,5,1,1,7,10.7022,-74.7161
673,47660.0,MAGDALENA,SABANAS DE SAN ANGEL,7,3,1,6,10.03253168,-74.21395817
674,47675.0,MAGDALENA,SALAMINA,7,3,1,6,10.4903,-74.7939
675,47692.0,MAGDALENA,SAN SEBASTIAN DE BUENAVISTA,7,3,1,6,9.240540684,-74.35161905
676,47703.0,MAGDALENA,SAN ZENON,4,3,1,0,9.245060603,-74.4989915
677,47707.0,MAGDALENA,SANTA ANA,7,3,1,6,9.3194,-74.5706
678,47720.0,MAGDALENA,SANTA BARBARA DE PINTO,4,3,1,0,9.432257137,-74.70468582
679,47745.0,MAGDALENA,SITIONUEVO,5,1,1,7,10.7758,-74.7203
680,47798.0,MAGDALENA,TENERIFE,7,3,1,6,9.8989,-74.8589
681,47960.0,MAGDALENA,ZAPAYAN,7,3,1,6,10.16829672,-74.71687829
682,47980.0,MAGDALENA,ZONA BANANERA,0,0,2,2,10.7630235,-74.14009147
683,50001.0,META,VILLAVICENCIO,1,0,1,3,4.1425,-73.6294
684,50006.0,META,ACACIAS,1,0,1,3,3.990006884,-73.76596395
685,50110.0,META,BARRANCA DE UPIA,0,3,1,2,4.566037914,-72.96094874
686,50124.0,META,CABUYARO,0,3,1,7,4.2858,-72.7914
687,50150.0,META,CASTILLA LA NUEVA,3,1,1,1,3.8258,-73.6872
688,50223.0,META,SAN LUIS DE CUBARRAL,1,0,1,3,3.793507142,-73.83860981
689,50226.0,META,CUMARAL,1,0,1,1,4.2694,-73.4864
690,50245.0,META,EL CALVARIO,3,0,1,2,4.3517,-73.7133
691,50251.0,META,EL CASTILLO,3,0,1,1,3.5647,-73.7944
692,50270.0,META,EL DORADO,0,1,1,2,3.7392,-73.8353
693,50287.0,META,FUENTE DE ORO,0,1,1,2,3.4625,-73.6192
694,50313.0,META,GRANADA,3,1,1,2,3.5462,-73.7069
695,50318.0,META,GUAMAL,1,0,1,3,3.8804,-73.7657
696,50325.0,META,MAPIRIPAN,0,3,1,7,2.896439137,-72.13564487
697,50330.0,META,MESETAS,2,0,1,3,3.3842,-74.0453
698,50350.0,META,LA MACARENA,1,1,1,3,2.1828,-73.7847
699,50370.0,META,LA URIBE,2,0,1,4,3.239652997,-74.35154535
700,50400.0,META,LEJANIAS,1,0,1,3,3.525919844,-74.024022
701,50450.0,META,PUERTO CONCORDIA,5,3,1,7,2.6233,-72.7592
702,50568.0,META,PUERTO GAITAN,5,3,1,7,4.314478156,-72.08310399
703,50573.0,META,PUERTO LOPEZ,0,3,1,2,4.093406426,-72.95743626
704,50577.0,META,PUERTO LLERAS,0,3,1,2,3.2692,-73.3761
705,50590.0,META,PUERTO RICO,0,1,1,2,2.9383,-73.2083
706,50606.0,META,RESTREPO,1,0,1,3,4.2617,-73.5642
707,50680.0,META,SAN CARLOS GUAROA,0,3,1,2,3.710445432,-73.24148492
708,50683.0,META,SAN JUAN DE ARAMA,3,1,1,1,3.3736,-73.8767
709,50686.0,META,SAN JUANITO,0,0,2,7,4.461,-73.6805
710,50689.0,META,SAN MARTIN,3,1,1,1,3.701879876,-73.69561782
711,50711.0,META,VISTA HERMOSA,1,1,1,1,3.1257521,-73.75116676
712,52001.0,NARIÑO,PASTO,3,2,1,2,1.2136,-77.2811
713,52019.0,NARIÑO,ALBAN,6,3,1,5,1.474978015,-77.08071233
714,52022.0,NARIÑO,ALDANA,6,3,1,5,0.8822,-77.7006
715,52036.0,NARIÑO,ANCUYA,6,3,1,5,1.2633,-77.515
716,52051.0,NARIÑO,ARBOLEDA,6,3,1,5,1.503417911,-77.13546743
717,52079.0,NARIÑO,BARBACOAS,3,2,1,1,1.6715,-78.1398
718,52083.0,NARIÑO,BELEN,6,3,1,5,1.595718967,-77.01562065
719,52110.0,NARIÑO,BUESACO,4,1,1,0,1.3847,-77.1564
720,52203.0,NARIÑO,COLON,6,3,1,5,1.643878389,-77.01977688
721,52207.0,NARIÑO,CONSACA,6,1,1,5,1.20763479,-77.46510257
722,52210.0,NARIÑO,CONTADERO,6,3,1,5,0.91,-77.5506
723,52215.0,NARIÑO,CORDOBA,0,0,1,7,0.854564417,-77.51789656
724,52224.0,NARIÑO,CUASPUD,6,3,1,5,0.862978103,-77.72894683
725,52227.0,NARIÑO,CUMBAL,5,0,1,7,0.9078,-77.7908
726,52233.0,NARIÑO,CUMBITARA,0,0,1,7,1.6478,-77.5783
727,52240.0,NARIÑO,CHACHAG?I,6,3,1,5,1.36032802,-77.28170144
728,52250.0,NARIÑO,EL CHARCO,1,2,1,3,2.4775,-78.1111
729,52254.0,NARIÑO,EL PENOL,6,3,1,5,1.452892601,-77.43785937
730,52256.0,NARIÑO,EL ROSARIO,0,0,1,2,1.7431,-77.3347
731,52258.0,NARIÑO,EL TABLON,4,1,1,0,1.427054031,-77.09673083
732,52260.0,NARIÑO,EL TAMBO,6,3,1,5,1.4078,-77.3922
733,52287.0,NARIÑO,FUNES,0,2,1,2,1.0,-77.4489
734,52317.0,NARIÑO,GUACHUCAL,6,3,1,5,0.9603,-77.7319
735,52320.0,NARIÑO,GUAITARILLA,6,3,1,5,1.1297,-77.5486
736,52323.0,NARIÑO,GUALMATAN,6,3,1,5,0.91980291,-77.56681512
737,52352.0,NARIÑO,ILES,6,3,1,5,0.9706,-77.5208
738,52354.0,NARIÑO,IMUES,6,3,1,5,1.054814967,-77.49606265
739,52356.0,NARIÑO,IPIALES,2,2,1,4,0.8289,-77.6406
740,52378.0,NARIÑO,LA CRUZ,6,1,1,5,1.6014,-76.9706
741,52381.0,NARIÑO,LA FLORIDA,6,1,1,5,1.2997,-77.4069
742,52385.0,NARIÑO,LA LLANADA,0,0,1,7,1.4736,-77.58
743,52390.0,NARIÑO,LA TOLA,4,0,1,0,2.3989,-78.1897
744,52399.0,NARIÑO,LA UNION,6,3,1,5,1.600245786,-77.13115884
745,52405.0,NARIÑO,LEIVA,7,0,1,6,1.9339,-77.3053
746,52411.0,NARIÑO,LINARES,6,3,1,5,1.3503,-77.5231
747,52418.0,NARIÑO,LOS ANDES,0,0,1,7,1.49458653,-77.52130331
748,52427.0,NARIÑO,MAGUI,5,0,1,7,1.765229808,-78.18302426
749,52435.0,NARIÑO,MALLAMA,5,0,1,7,1.141036763,-77.8645493
750,52473.0,NARIÑO,MOSQUERA,4,0,1,0,2.5078,-78.4517
751,52480.0,NARIÑO,NARINO,6,1,1,5,1.288978992,-77.35797213
752,52490.0,NARIÑO,OLAYA HERRERA,4,0,1,0,2.347456605,-78.3258139
753,52506.0,NARIÑO,OSPINA,6,3,1,5,1.0581,-77.5664
754,52520.0,NARIÑO,FRANCISCO PIZARRO,4,0,1,0,2.040628644,-78.65836145
755,52540.0,NARIÑO,POLICARPA,5,0,1,7,1.6283,-77.4603
756,52560.0,NARIÑO,POTOSI,5,0,1,7,0.806341965,-77.57279203
757,52565.0,NARIÑO,PROVIDENCIA,6,3,1,5,1.2389,-77.5975
758,52573.0,NARIÑO,PUERRES,0,2,1,2,0.8839,-77.5039
759,52585.0,NARIÑO,PUPIALES,6,3,1,5,0.8708,-77.6403
760,52612.0,NARIÑO,RICAURTE,0,2,1,2,1.2108,-77.9933
761,52621.0,NARIÑO,ROBERTO PAYAN,4,0,1,0,1.697492429,-78.24571588
762,52678.0,NARIÑO,SAMANIEGO,0,0,1,2,1.3364,-77.5925
763,52683.0,NARIÑO,SANDONA,6,1,1,5,1.286137326,-77.46957115
764,52685.0,NARIÑO,SAN BERNARDO,6,3,1,5,1.5164,-77.0467
765,52687.0,NARIÑO,SAN LORENZO,6,3,1,5,1.5039,-77.2178
766,52693.0,NARIÑO,SAN PABLO,6,1,1,5,1.6715,-77.0141
767,52694.0,NARIÑO,SAN PEDRO DE CARTAGO,6,3,1,5,1.551758094,-77.11918862
768,52696.0,NARIÑO,SANTA BARBARA,0,2,1,2,2.44965342,-77.97991642
769,52699.0,NARIÑO,SANTACRUZ,5,0,1,7,1.222274856,-77.67691742
770,52720.0,NARIÑO,SAPUYES,6,3,1,5,1.0369,-77.6214
771,52786.0,NARIÑO,TAMINANGO,6,3,1,5,1.57,-77.2806
772,52788.0,NARIÑO,TANGUA,6,1,1,5,1.0947,-77.3948
773,52835.0,NARIÑO,TUMACO,5,2,1,7,1.8067,-78.7647
774,52838.0,NARIÑO,TUQUERRES,6,3,1,5,1.085043562,-77.61672021
775,52885.0,NARIÑO,YACUANQUER,6,1,1,5,1.115,-77.4022
776,54001.0,NORTE DE SANTANDER,CUCUTA,3,1,1,2,7.90546359,-72.50826385
777,54003.0,NORTE DE SANTANDER,ABREGO,3,1,1,1,8.081550152,-73.22168518
778,54051.0,NORTE DE SANTANDER,ARBOLEDAS,0,3,1,7,7.6428,-72.7983
779,54099.0,NORTE DE SANTANDER,BOCHALEMA,5,3,1,7,7.6114,-72.6472
780,54109.0,NORTE DE SANTANDER,BUCARASICA,0,3,1,7,8.0411,-72.8675
781,54125.0,NORTE DE SANTANDER,CACOTA,5,1,1,7,7.268705463,-72.64205884
782,54128.0,NORTE DE SANTANDER,CACHIRA,3,1,1,2,7.740939239,-73.04875477
783,54172.0,NORTE DE SANTANDER,CHINACOTA,5,3,1,7,7.600965166,-72.60467836
784,54174.0,NORTE DE SANTANDER,CHITAGA,0,1,1,2,7.138187329,-72.66546835
785,54206.0,NORTE DE SANTANDER,CONVENCION,0,3,1,7,8.470368933,-73.33720845
786,54223.0,NORTE DE SANTANDER,CUCUTILLA,5,3,1,7,7.5403,-72.7725
787,54239.0,NORTE DE SANTANDER,DURANIA,5,3,1,7,7.7139,-72.6564
788,54245.0,NORTE DE SANTANDER,EL CARMEN,0,1,1,2,8.5106,-73.4478
789,54250.0,NORTE DE SANTANDER,EL TARRA,5,1,1,7,8.5756,-73.0944
790,54261.0,NORTE DE SANTANDER,EL ZULIA,0,3,1,2,7.9325,-72.6025
791,54313.0,NORTE DE SANTANDER,GRAMALOTE,5,3,1,7,7.8881,-72.7967
792,54344.0,NORTE DE SANTANDER,HACARI,5,3,1,7,8.321720164,-73.1459685
793,54347.0,NORTE DE SANTANDER,HERRAN,0,1,1,7,7.506540865,-72.48351934
794,54377.0,NORTE DE SANTANDER,LABATECA,0,1,1,7,7.298476837,-72.49592293
795,54385.0,NORTE DE SANTANDER,LA ESPERANZA,0,1,1,2,7.6406,-73.3276
796,54398.0,NORTE DE SANTANDER,LA PLAYA,0,3,1,2,8.2132,-73.2383
797,54405.0,NORTE DE SANTANDER,LOS PATIOS,5,1,1,7,7.8342,-72.505
798,54418.0,NORTE DE SANTANDER,LOURDES,5,3,1,7,7.9441,-72.8325
799,54480.0,NORTE DE SANTANDER,MUTISCUA,5,3,1,7,7.3008,-72.7469
800,54498.0,NORTE DE SANTANDER,OCAÑA,0,1,1,2,8.2461,-73.3553
801,54518.0,NORTE DE SANTANDER,PAMPLONA,0,1,1,7,7.3761,-72.6483
802,54520.0,NORTE DE SANTANDER,PAMPLONITA,5,3,1,7,7.4367,-72.6378
803,54553.0,NORTE DE SANTANDER,PUERTO SANTANDER,7,3,1,6,8.3636,-72.4075
804,54599.0,NORTE DE SANTANDER,RAGONVALIA,5,3,1,7,7.5778,-72.4747
805,54660.0,NORTE DE SANTANDER,SALAZAR,0,3,1,7,7.7739,-72.8124
806,54670.0,NORTE DE SANTANDER,SAN CALIXTO,5,3,1,7,8.4028,-73.2078
807,54673.0,NORTE DE SANTANDER,SAN CAYETANO,5,3,1,7,7.8772,-72.6247
808,54680.0,NORTE DE SANTANDER,SANTIAGO,5,3,1,7,7.8656,-72.7158
809,54720.0,NORTE DE SANTANDER,SARDINATA,0,3,1,2,8.0836,-72.8003
810,54743.0,NORTE DE SANTANDER,SILOS,5,1,1,7,7.2052,-72.7564
811,54800.0,NORTE DE SANTANDER,TEORAMA,0,3,1,7,8.4353,-73.2864
812,54810.0,NORTE DE SANTANDER,TIBU,0,1,1,7,8.639891634,-72.73449865
813,54820.0,NORTE DE SANTANDER,TOLEDO,1,1,1,1,7.3103,-72.4831
814,54871.0,NORTE DE SANTANDER,VILLA CARO,0,3,1,2,7.9147,-72.9719
815,54874.0,NORTE DE SANTANDER,VILLA DEL ROSARIO,0,1,1,7,7.8353,-72.4736
816,63001.0,QUINDIO,ARMENIA,4,0,3,0,4.5389,-75.6725
817,63111.0,QUINDIO,BUENAVISTA,4,0,3,0,4.3597,-75.7389
818,63130.0,QUINDIO,CALARCA,5,2,3,7,4.515281847,-75.64908836
819,63190.0,QUINDIO,CIRCASIA,7,0,3,6,4.6192,-75.6347
820,63212.0,QUINDIO,CORDOBA,5,0,3,7,4.392485448,-75.68786636
821,63272.0,QUINDIO,FILANDIA,5,2,3,7,4.6733,-75.6583
822,63302.0,QUINDIO,GENOVA,5,0,3,6,4.207477888,-75.78981661
823,63401.0,QUINDIO,LA TEBAIDA,6,1,2,5,4.4526,-75.7875
824,63470.0,QUINDIO,MONTENEGRO,4,1,2,0,4.5653,-75.7511
825,63548.0,QUINDIO,PIJAO,5,2,3,7,4.3335,-75.7046
826,63594.0,QUINDIO,QUIMBAYA,4,0,3,0,4.6239,-75.7631
827,63690.0,QUINDIO,SALENTO,0,2,0,2,4.6372,-75.5708
828,66001.0,RISARALDA,PEREIRA,3,2,0,2,4.8143,-75.6946
829,66045.0,RISARALDA,APIA,4,2,3,0,5.105739366,-75.94193069
830,66075.0,RISARALDA,BALBOA,6,1,2,5,4.9498,-75.9583
831,66088.0,RISARALDA,BELEN DE UMBRIA,6,0,3,5,5.200645376,-75.86821852
832,66170.0,RISARALDA,DOS QUEBRADAS,4,0,3,0,4.827187832,-75.68246912
833,66318.0,RISARALDA,GUATICA,6,0,3,5,5.316251154,-75.79932354
834,66383.0,RISARALDA,LA CELIA,4,0,3,0,5.0019,-76.0039
835,66400.0,RISARALDA,LA VIRGINIA,6,1,2,5,4.8967,-75.8839
836,66440.0,RISARALDA,MARSELLA,6,0,3,5,4.9367,-75.7392
837,66456.0,RISARALDA,MISTRATO,7,2,0,6,5.297038821,-75.88288594
838,66572.0,RISARALDA,PUEBLO RICO,5,2,0,7,5.2226,-76.0303
839,66594.0,RISARALDA,QUINCHIA,6,1,2,5,5.340456043,-75.730431
840,66682.0,RISARALDA,SANTA ROSA DE CABAL,0,2,0,2,4.8672,-75.6211
841,66687.0,RISARALDA,SANTUARIO,4,2,0,0,5.0747,-75.9644
842,68001.0,SANTANDER,BUCARAMANGA,7,1,2,6,7.1186,-73.1161
843,68013.0,SANTANDER,AGUADA,6,3,2,5,6.1625,-73.5217
844,68020.0,SANTANDER,ALBANIA,4,3,2,0,5.7589,-73.9133
845,68051.0,SANTANDER,ARATOCA,4,3,2,0,6.6956,-73.0175
846,68077.0,SANTANDER,BARBOSA,6,3,2,5,5.9331,-73.6147
847,68079.0,SANTANDER,BARICHARA,4,3,2,0,6.6361,-73.2236
848,68081.0,SANTANDER,BARRANCABERMEJA,5,3,1,7,7.0675,-73.8472
849,68092.0,SANTANDER,BETULIA,5,0,3,7,6.9,-73.2836
850,68101.0,SANTANDER,BOLIVAR,0,1,3,2,5.988952616,-73.77134641
851,68121.0,SANTANDER,CABRERA,6,3,3,5,6.5928,-73.2465
852,68132.0,SANTANDER,CALIFORNIA,7,3,1,6,7.3478,-72.9456
853,68147.0,SANTANDER,CAPITANEJO,7,1,2,6,6.5303,-72.6978
854,68152.0,SANTANDER,CARCASI,7,3,1,6,6.629016464,-72.62709851
855,68160.0,SANTANDER,CEPITA,4,1,2,0,6.753518401,-72.97353647
856,68162.0,SANTANDER,CERRITO,5,3,1,7,6.8431,-72.694
857,68167.0,SANTANDER,CHARALA,7,0,3,6,6.284336649,-73.14687398
858,68169.0,SANTANDER,CHARTA,5,1,2,7,7.2806,-72.9686
859,68176.0,SANTANDER,CHIMA,4,1,3,0,6.3439,-73.3722
860,68179.0,SANTANDER,CHIPATA,6,3,2,5,6.062520903,-73.63711064
861,68190.0,SANTANDER,CIMITARRA,5,3,1,7,6.3133,-73.95
862,68207.0,SANTANDER,CONCEPCION,5,3,1,7,6.768917648,-72.69458252
863,68209.0,SANTANDER,CONFINES,6,3,3,5,6.3558,-73.2408
864,68211.0,SANTANDER,CONTRATACION,4,3,3,0,6.290561329,-73.47442637
865,68217.0,SANTANDER,COROMORO,7,1,2,6,6.295,-73.0406
866,68229.0,SANTANDER,CURITI,7,1,2,6,6.60510188,-73.0693876
867,68235.0,SANTANDER,EL CARMEN DE CHUCURI,5,0,3,7,6.697911452,-73.51126775
868,68245.0,SANTANDER,EL GUACAMAYO,4,3,3,0,6.2453,-73.4967
869,68250.0,SANTANDER,EL PEÑON,4,3,2,0,6.054277045,-73.81691092
870,68255.0,SANTANDER,EL PLAYON,0,1,1,7,7.470719593,-73.20287793
871,68264.0,SANTANDER,ENCINO,7,1,3,6,6.1378,-73.0981
872,68266.0,SANTANDER,ENCISO,7,1,2,6,6.6681,-72.7
873,68271.0,SANTANDER,EL FLORIAN,4,3,2,0,5.804659231,-73.97143021
874,68276.0,SANTANDER,FLORIDABLANCA,7,1,3,6,7.0697,-73.0978
875,68296.0,SANTANDER,GALAN,4,0,3,0,6.638415002,-73.28776473
876,68298.0,SANTANDER,GAMBITA,7,0,3,6,5.945981203,-73.34418354
877,68307.0,SANTANDER,GIRON,0,1,2,2,7.072754742,-73.16825311
878,68318.0,SANTANDER,GUACA,5,3,2,7,6.8762,-72.8559
879,68320.0,SANTANDER,GUADALUPE,4,3,2,0,6.2464,-73.4183
880,68322.0,SANTANDER,GUAPOTA,6,3,2,5,6.308588013,-73.32069909
881,68324.0,SANTANDER,GUAVATA,6,3,2,5,5.954348076,-73.70090619
882,68327.0,SANTANDER,G?EPSA,6,3,2,5,6.0244,-73.5725
883,68344.0,SANTANDER,HATO,4,1,3,0,6.5419,-73.3075
884,68368.0,SANTANDER,JESUS MARIA,4,3,2,0,5.876497453,-73.78339605
885,68370.0,SANTANDER,JORDAN,4,3,2,0,6.732727094,-73.09605306
886,68377.0,SANTANDER,LA BELLEZA,7,1,2,6,5.8575,-73.9656
887,68385.0,SANTANDER,LANDAZURI,5,3,2,7,6.219008028,-73.81104682
888,68397.0,SANTANDER,LA PAZ,4,3,2,0,6.1781,-73.5894
889,68406.0,SANTANDER,LEBRIJA,5,1,2,7,7.1132,-73.2178
890,68418.0,SANTANDER,LOS SANTOS,7,3,2,6,6.7561,-73.1022
891,68425.0,SANTANDER,MACARAVITA,7,3,1,6,6.5067,-72.5928
892,68432.0,SANTANDER,MALAGA,7,3,1,6,6.703058458,-72.73237981
893,68444.0,SANTANDER,MATANZA,5,1,2,7,7.3228,-73.0156
894,68464.0,SANTANDER,MOGOTES,7,1,2,6,6.4764,-72.9703
895,68468.0,SANTANDER,MOLAGAVITA,7,1,2,6,6.6736,-72.8092
896,68498.0,SANTANDER,OCAMONTE,4,3,2,0,6.3397,-73.1225
897,68500.0,SANTANDER,OIBA,4,3,2,0,6.2639,-73.2992
898,68502.0,SANTANDER,ONZAGA,7,1,2,6,6.3442,-72.8175
899,68522.0,SANTANDER,PALMAR,6,3,2,5,6.5383,-73.2906
900,68524.0,SANTANDER,PALMAS DEL SOCORRO,6,3,2,5,6.4072,-73.2883
901,68533.0,SANTANDER,PARAMO,4,3,2,0,6.416592379,-73.17039954
902,68547.0,SANTANDER,PIEDECUESTA,5,1,3,7,6.9886,-73.0503
903,68549.0,SANTANDER,PINCHOTE,6,3,3,5,6.5325,-73.1725
904,68572.0,SANTANDER,PUENTE NACIONAL,4,3,2,0,5.8772,-73.6786
905,68573.0,SANTANDER,PUERTO PARRA,5,3,1,7,6.6514,-74.0569
906,68575.0,SANTANDER,PUERTO WILCHES,5,3,1,7,7.3483,-73.8983
907,68615.0,SANTANDER,RIONEGRO,3,1,2,1,7.2646,-73.1501
908,68655.0,SANTANDER,SABANA DE TORRES,5,3,1,7,7.3903,-73.5003
909,68669.0,SANTANDER,SAN ANDRES,5,3,1,6,6.812310153,-72.84880424
910,68673.0,SANTANDER,SAN BENITO,6,3,2,5,6.1267,-73.5089
911,68679.0,SANTANDER,SAN GIL,4,1,3,0,6.555,-73.1336
912,68682.0,SANTANDER,SAN JOAQUIN,4,1,2,0,6.427547936,-72.86763812
913,68684.0,SANTANDER,SAN JOSE DE MIRANDA,7,1,2,6,6.658994797,-72.73361596
914,68686.0,SANTANDER,SAN MIGUEL,7,1,2,6,6.5758,-72.6459
915,68689.0,SANTANDER,SAN VICENTE DE CHUCURI,0,0,3,7,6.880382935,-73.41102393
916,68705.0,SANTANDER,SANTA BARBARA,5,1,2,7,6.990510681,-72.90733628
917,68720.0,SANTANDER,SANTA HELENA DEL OPON,4,1,2,0,6.3396446,-73.61679372
918,68745.0,SANTANDER,SIMACOTA,3,1,3,2,6.4431,-73.3375
919,68755.0,SANTANDER,SOCORRO,6,3,3,5,6.4603,-73.27
920,68770.0,SANTANDER,SUAITA,4,1,3,0,6.1019,-73.4406
921,68773.0,SANTANDER,SUCRE,5,3,2,7,5.9183,-73.7911
922,68780.0,SANTANDER,SURATA,5,1,1,7,7.366579569,-72.98423197
923,68820.0,SANTANDER,TONA,0,1,2,7,7.2019,-72.9664
924,68855.0,SANTANDER,VALLE SAN JOSE,4,3,2,0,6.448027925,-73.14350675
925,68861.0,SANTANDER,VELEZ,5,3,2,7,6.010953449,-73.66629907
926,68867.0,SANTANDER,VETAS,7,3,1,6,7.3097,-72.8706
927,68872.0,SANTANDER,VILLANUEVA,4,3,2,0,6.6719,-73.1747
928,68895.0,SANTANDER,ZAPATOCA,5,0,3,7,6.815,-73.2683
929,70001.0,SUCRE,SINCELEJO,4,3,1,0,9.2994,-75.3958
930,70110.0,SUCRE,BUENAVISTA,4,3,1,0,9.3197,-74.9717
931,70124.0,SUCRE,CAIMITO,4,3,1,0,8.7894,-75.1161
932,70204.0,SUCRE,COLOSO,7,3,1,6,9.494191917,-75.35325609
933,70215.0,SUCRE,COROZAL,4,3,1,0,9.3169,-75.2933
934,70221.0,SUCRE,COVEÑAS,7,3,1,6,9.4014,-75.68
935,70230.0,SUCRE,CHALAN,4,3,1,0,9.545351523,-75.31269713
936,70233.0,SUCRE,EL ROBLE,4,3,1,0,9.1022,-75.195
937,70235.0,SUCRE,GALERAS,4,3,1,0,9.1586,-75.0489
938,70265.0,SUCRE,GUARANDA,7,3,1,6,8.4672,-74.5367
939,70400.0,SUCRE,LA UNION,4,3,1,0,8.85397531,-75.2760558
940,70418.0,SUCRE,LOS PALMITOS,4,3,1,0,9.3803,-75.2683
941,70429.0,SUCRE,MAJAGUAL,7,3,1,6,8.5408,-74.6297
942,70473.0,SUCRE,MORROA,4,3,1,0,9.3336,-75.3067
943,70508.0,SUCRE,OVEJAS,7,3,1,6,9.5258,-75.2272
944,70523.0,SUCRE,PALMITO,7,3,1,6,9.3322,-75.5419
945,70670.0,SUCRE,SAMPUES,4,3,1,0,9.183205956,-75.38019123
946,70678.0,SUCRE,SAN BENITO ABAD,7,3,1,6,8.9272,-75.0264
947,70702.0,SUCRE,SAN JUAN BETULIA,4,3,1,0,9.273065988,-75.24356454
948,70708.0,SUCRE,SAN MARCOS,7,3,1,6,8.6622,-75.1289
949,70713.0,SUCRE,SAN ONOFRE,7,3,1,6,9.7372,-75.5256
950,70717.0,SUCRE,SAN PEDRO,4,3,1,0,9.3956,-75.0631
951,70742.0,SUCRE,SINCE,4,3,1,0,9.244310477,-75.14599271
952,70771.0,SUCRE,SUCRE,7,3,1,6,8.8114,-74.7208
953,70820.0,SUCRE,TOLU,7,3,1,6,9.525471766,-75.58129046
954,70823.0,SUCRE,TOLUVIEJO,7,3,1,6,9.451818959,-75.44084997
955,73001.0,TOLIMA,IBAGUE,1,2,0,1,4.439608991,-75.19371478
956,73024.0,TOLIMA,ALPUJARRA,4,3,2,0,3.3918,-74.9334
957,73026.0,TOLIMA,ALVARADO,4,1,3,0,4.5672,-74.9533
958,73030.0,TOLIMA,AMBALEMA,4,3,2,0,4.7817,-74.7639
959,73043.0,TOLIMA,ANZOATEGUI,3,2,3,1,4.627473619,-75.09645074
960,73055.0,TOLIMA,ARMERO,7,1,3,6,5.030678392,-74.884413
961,73067.0,TOLIMA,ATACO,0,1,3,7,3.5897,-75.3822
962,73124.0,TOLIMA,CAJAMARCA,0,2,3,2,4.4423,-75.4287
963,73148.0,TOLIMA,CARMEN APICALA,6,3,2,5,4.147912058,-74.71616942
964,73152.0,TOLIMA,CASABIANCA,3,2,3,1,5.0792,-75.12
965,73168.0,TOLIMA,CHAPARRAL,3,2,3,2,3.7236,-75.4847
966,73200.0,TOLIMA,COELLO,6,3,2,5,4.2883,-74.8978
967,73217.0,TOLIMA,COYAIMA,6,3,2,5,3.7975,-75.1939
968,73226.0,TOLIMA,CUNDAY,4,3,2,0,4.0611,-74.6925
969,73236.0,TOLIMA,DOLORES,4,3,2,0,3.5391,-74.8975
970,73268.0,TOLIMA,ESPINAL,6,3,2,5,4.1486,-74.8819
971,73270.0,TOLIMA,FALAN,5,0,3,7,5.1236,-74.9517
972,73275.0,TOLIMA,FLANDES,6,3,2,5,4.2844,-74.8142
973,73283.0,TOLIMA,FRESNO,0,0,3,2,5.1536,-75.0369
974,73319.0,TOLIMA,GUAMO,6,3,2,5,4.0281,-74.97
975,73347.0,TOLIMA,HERVEO,3,0,3,2,5.0806,-75.1756
976,73349.0,TOLIMA,HONDA,4,3,2,0,5.2069,-74.7367
977,73352.0,TOLIMA,ICONONZO,4,1,2,0,4.1758,-74.5328
978,73408.0,TOLIMA,LERIDA,7,1,3,6,4.862033734,-74.91063069
979,73411.0,TOLIMA,LIBANO,5,0,3,7,4.923442374,-75.06342093
980,73443.0,TOLIMA,MARIQUITA,7,1,3,6,5.199709591,-74.88927359
981,73449.0,TOLIMA,MELGAR,4,3,2,0,4.2039,-74.6428
982,73461.0,TOLIMA,MURILLO,3,0,3,1,4.8739,-75.1715
983,73483.0,TOLIMA,NATAGAIMA,6,3,2,5,3.6231,-75.0936
984,73504.0,TOLIMA,ORTEGA,5,0,3,7,3.9361,-75.2217
985,73520.0,TOLIMA,PALOCABILDO,7,1,3,6,5.12,-75.0236
986,73547.0,TOLIMA,PIEDRAS,4,3,2,0,4.5433,-74.8778
987,73555.0,TOLIMA,PLANADAS,5,0,3,7,3.1964,-75.6444
988,73563.0,TOLIMA,PRADO,4,3,2,0,3.7489,-74.9281
989,73585.0,TOLIMA,PURIFICACION,4,3,2,0,3.853147039,-74.93698903
990,73616.0,TOLIMA,RIOBLANCO,0,0,3,7,3.5292,-75.6447
991,73622.0,TOLIMA,RONCESVALLES,0,2,3,7,4.0108,-75.6053
992,73624.0,TOLIMA,ROVIRA,3,2,3,2,4.2392,-75.2403
993,73671.0,TOLIMA,SALDAÑA,6,3,2,5,3.9292,-75.0156
994,73675.0,TOLIMA,SAN ANTONIO,5,0,3,7,3.915,-75.4794
995,73678.0,TOLIMA,SAN LUIS,4,3,3,0,4.1322,-75.0956
996,73686.0,TOLIMA,SANTA ISABEL,3,0,3,1,4.7139,-75.0975
997,73770.0,TOLIMA,SUAREZ,6,3,2,5,4.048890979,-74.8318846
998,73854.0,TOLIMA,VALLE DE SAN JUAN,4,3,2,0,4.1981,-75.1172
999,73861.0,TOLIMA,VENADILLO,7,1,3,6,4.7183,-74.9294
1000,73870.0,TOLIMA,VILLAHERMOSA,3,0,3,1,5.03,-75.1169
1001,73873.0,TOLIMA,VILLARRICA,4,3,1,0,3.9364,-74.6014
1002,76001.0,VALLE DEL CAUCA,CALI,0,2,3,2,3.414414305,-76.52156515
1003,76020.0,VALLE DEL CAUCA,ALCALA,6,1,2,5,4.674994014,-75.7797919
1004,76036.0,VALLE DEL CAUCA,ANDALUCIA,6,1,2,5,4.171713197,-76.16792463
1005,76041.0,VALLE DEL CAUCA,ANSERMANUEVO,4,0,3,0,4.794983672,-75.99200298
1006,76054.0,VALLE DEL CAUCA,ARGELIA,4,1,2,0,4.726944706,-76.11990465
1007,76100.0,VALLE DEL CAUCA,BOLIVAR,0,2,3,2,4.337846077,-76.18358271
1008,76109.0,VALLE DEL CAUCA,BUENAVENTURA,2,2,3,4,3.875707593,-77.01073733
1009,76111.0,VALLE DEL CAUCA,BUGA,0,0,3,2,3.90082931,-76.29897125
1010,76113.0,VALLE DEL CAUCA,BUGALAGRANDE,4,1,2,0,4.208331592,-76.15680774
1011,76122.0,VALLE DEL CAUCA,CAICEDONIA,4,0,3,0,4.334709881,-75.83061063
1012,76126.0,VALLE DEL CAUCA,CALIMA,1,2,3,3,3.933664266,-76.48413161
1013,76130.0,VALLE DEL CAUCA,CANDELARIA,6,3,1,5,3.407766465,-76.34642891
1014,76147.0,VALLE DEL CAUCA,CARTAGO,6,1,2,5,4.758755097,-75.94226404
1015,76233.0,VALLE DEL CAUCA,DAGUA,1,2,3,3,3.657308484,-76.68887101
1016,76243.0,VALLE DEL CAUCA,EL AGUILA,4,0,3,0,4.909568107,-76.04131723
1017,76246.0,VALLE DEL CAUCA,EL CAIRO,7,0,2,6,4.760873837,-76.22161113
1018,76248.0,VALLE DEL CAUCA,EL CERRITO,5,0,2,7,3.684289947,-76.31191183
1019,76250.0,VALLE DEL CAUCA,EL DOVIO,5,2,2,7,4.51045189,-76.23708395
1020,76275.0,VALLE DEL CAUCA,FLORIDA,5,1,2,6,3.323878599,-76.23434959
1021,76306.0,VALLE DEL CAUCA,GINEBRA,6,1,2,5,3.724181147,-76.26806789
1022,76318.0,VALLE DEL CAUCA,GUACARI,6,1,2,5,3.762667999,-76.33105502
1023,76364.0,VALLE DEL CAUCA,JAMUNDI,0,0,2,2,3.260528696,-76.53949711
1024,76377.0,VALLE DEL CAUCA,LA CUMBRE,0,2,3,2,3.64926779,-76.56805003
1025,76400.0,VALLE DEL CAUCA,LA UNION,6,1,2,5,4.533868804,-76.09966061
1026,76403.0,VALLE DEL CAUCA,LA VICTORIA,6,1,2,5,"﻿4,5213888888889",-76.03638889
1027,76497.0,VALLE DEL CAUCA,OBANDO,6,1,2,5,4.575711794,-75.97470998
1028,76520.0,VALLE DEL CAUCA,PALMIRA,0,1,2,7,3.532357718,-76.29856028
1029,76563.0,VALLE DEL CAUCA,PRADERA,7,1,2,6,3.419847001,-76.24183218
1030,76606.0,VALLE DEL CAUCA,RESTREPO,0,2,2,2,3.821350676,-76.5233292
1031,76616.0,VALLE DEL CAUCA,RIOFRIO,5,0,3,7,4.156907647,-76.28831313
1032,76622.0,VALLE DEL CAUCA,ROLDANILLO,4,1,2,0,4.413601008,-76.15227903
1033,76670.0,VALLE DEL CAUCA,SAN PEDRO,6,1,2,5,3.995073116,-76.22869188
1034,76736.0,VALLE DEL CAUCA,SEVILLA,5,0,3,7,4.267033273,-75.93094058
1035,76823.0,VALLE DEL CAUCA,TORO,6,1,2,5,4.608085092,-76.07685901
1036,76828.0,VALLE DEL CAUCA,TRUJILLO,5,2,3,7,4.212036912,-76.31881838
1037,76834.0,VALLE DEL CAUCA,TULUA,0,0,3,7,4.085274824,-76.1976614
1038,76845.0,VALLE DEL CAUCA,ULLOA,6,1,2,5,4.702513848,-75.73774771
1039,76863.0,VALLE DEL CAUCA,VERSALLES,7,0,2,6,4.575018682,-76.19920318
1040,76869.0,VALLE DEL CAUCA,VIJES,7,0,2,6,3.698685537,-76.44180436
1041,76890.0,VALLE DEL CAUCA,YOTOCO,7,0,3,6,3.86122158,-76.38246986
1042,76892.0,VALLE DEL CAUCA,YUMBO,7,1,3,6,3.529032994,-76.49972038
1043,76895.0,VALLE DEL CAUCA,ZARZAL,6,1,2,5,4.392658481,-76.07079469
1044,81001.0,ARAUCA,ARAUCA,7,3,1,6,7.0903,-70.7617
1045,81065.0,ARAUCA,ARAUQUITA,5,3,1,7,7.0261,-71.4272
1046,81220.0,ARAUCA,CRAVO NORTE,4,3,1,0,6.3042,-70.2039
1047,81300.0,ARAUCA,FORTUL,3,3,1,1,6.7931,-71.7714
1048,81591.0,ARAUCA,PUERTO RONDON,7,3,1,6,6.283851501,-71.09774286
1049,81736.0,ARAUCA,SARAVENA,0,1,1,2,6.9547,-71.8767
1050,81794.0,ARAUCA,TAME,1,1,1,3,6.4583,-71.7447
1051,85001.0,CASANARE,YOPAL,0,3,1,2,5.3306,-72.3906
1052,85010.0,CASANARE,AGUAZUL,0,1,1,2,5.1689,-72.5467
1053,85015.0,CASANARE,CHAMEZA,0,1,1,2,5.214526574,-72.87015987
1054,85125.0,CASANARE,HATO COROZAL,0,3,1,2,6.1547,-71.7653
1055,85136.0,CASANARE,LA SALINA,5,3,1,7,6.1275,-72.3342
1056,85139.0,CASANARE,MANI,5,3,1,7,4.81682686,-72.28139845
1057,85162.0,CASANARE,MONTERREY,0,3,1,2,4.8761,-72.8964
1058,85225.0,CASANARE,NUNCHIA,5,3,1,7,5.636662597,-72.19507104
1059,85230.0,CASANARE,OROCUE,7,3,1,6,4.790269665,-71.33851792
1060,85250.0,CASANARE,PAZ DE ARIPORO,0,3,1,2,5.8811,-71.8917
1061,85263.0,CASANARE,PORE,5,3,1,7,5.7279,-71.9927
1062,85279.0,CASANARE,RECETOR,0,1,1,7,5.2283,-72.76
1063,85300.0,CASANARE,SABANALARGA,0,1,1,2,4.8543,-73.04
1064,85315.0,CASANARE,SACAMA,0,3,1,2,6.096737705,-72.2501571
1065,85325.0,CASANARE,SAN LUIS DE PALENQUE,7,3,1,6,5.4222,-71.7314
1066,85400.0,CASANARE,TAMARA,3,3,1,1,5.829652976,-72.16177586
1067,85410.0,CASANARE,TAURAMENA,3,1,1,1,5.0167,-72.75
1068,85430.0,CASANARE,TRINIDAD,7,3,1,6,5.4092,-71.6611
1069,85440.0,CASANARE,VILLANUEVA,0,3,1,7,4.6087,-72.9288
1070,86001.0,PUTUMAYO,MOCOA,2,2,1,4,1.1492,-76.6464
1071,86219.0,PUTUMAYO,COLON,4,1,1,0,1.189825988,-76.97230179
1072,86320.0,PUTUMAYO,ORITO,2,2,1,4,0.6661,-76.8708
1073,86568.0,PUTUMAYO,PUERTO ASIS,1,0,1,3,0.505627082,-76.49688674
1074,86569.0,PUTUMAYO,PUERTO CAICEDO,1,0,1,3,0.685,-76.6044
1075,86571.0,PUTUMAYO,PUERTO GUZMAN,1,0,1,3,0.962684388,-76.40727388
1076,86573.0,PUTUMAYO,PUERTO LEGUIZAMO,1,1,1,1,-0.191872848,-74.78247103
1077,86749.0,PUTUMAYO,SIBUNDOY,7,1,1,6,1.2033,-76.9192
1078,86755.0,PUTUMAYO,SAN FRANCISCO,3,2,1,1,1.1747,-76.8797
1079,86757.0,PUTUMAYO,SAN MIGUEL,1,0,1,3,0.343481168,-76.91205479
1080,86760.0,PUTUMAYO,SANTIAGO,1,2,1,3,1.1469,-77.0011
1081,86865.0,PUTUMAYO,VALLE DEL GUAMUEZ,1,2,1,3,0.4253,-76.9053
1082,86885.0,PUTUMAYO,VILLAGARZON,2,2,1,4,1.028918086,-76.61711393
1083,91001.0,AMAZONAS,LETICIA,3,3,1,1,-4.215,-69.9411
1084,91263.0,AMAZONAS,EL ENCANTO,3,3,1,2,-1.746287643,-73.20897386
1085,91405.0,AMAZONAS,LA CHORRERA,0,3,1,2,-1.44303198,-72.79545165
1086,91407.0,AMAZONAS,LA PEDRERA,0,3,1,2,-1.319312591,-69.58842102
1087,91430.0,AMAZONAS,LA VICTORIA,5,3,1,7,0.05138888889,-71.22277778
1088,91460.0,AMAZONAS,MIRITI-PARANA,0,3,1,2,-0.888832636,-70.98893023
1089,91530.0,AMAZONAS,PUERTO ALEGRIA,3,3,1,2,-1.005673854,-74.01446088
1090,91536.0,AMAZONAS,PUERTO ARICA,0,3,1,2,-2.148446596,-71.75263619
1091,91540.0,AMAZONAS,PUERTO NARIÑO,3,3,1,1,-3.7703,-70.3831
1092,91669.0,AMAZONAS,PUERTO SANTANDER,0,3,1,2,-0.621184474,-72.38421269
1093,91798.0,AMAZONAS,TARAPACA,0,3,1,2,-2.890126001,-69.74174485
1094,94001.0,GUAINIA,INIRIDA,3,1,1,2,3.866161619,-67.91883684
1095,94343.0,GUAINIA,BARRANCO MINAS,5,3,1,7,3.494178378,-69.81406553
1096,94663.0,GUAINIA,MAPIRIPANA,5,3,1,6,2.808055556,-70.47611111
1097,94883.0,GUAINIA,SAN FELIPE,0,1,1,2,1.909204012,-67.06833873
1098,94884.0,GUAINIA,PUERTO COLOMBIA,0,1,1,2,2.726437537,-67.56677359
1099,94885.0,GUAINIA,LA GUADALUPE,0,3,1,2,1.632464287,-66.96369193
1100,94886.0,GUAINIA,CACAHUAL,0,1,1,2,3.526372267,-67.41326289
1101,94887.0,GUAINIA,PANA PANA,0,3,1,2,1.865668307,-69.00990037
1102,94888.0,GUAINIA,MORICHAL,5,3,1,7,2.265132127,-69.91940436
1103,95001.0,GUAVIARE,SAN JOSE DEL GUAVIARE,3,3,1,2,2.566428365,-72.63898847
1104,95015.0,GUAVIARE,CALAMAR,3,3,1,2,1.9596,-72.6531
1105,95025.0,GUAVIARE,EL RETORNO,0,3,1,2,2.3306,-72.6278
1106,95200.0,GUAVIARE,MIRAFLORES,0,3,1,2,1.3367,-71.9511
1107,97001.0,VAUPES,MITU,3,3,1,2,1.253055733,-70.23273579
1108,97161.0,VAUPES,CARURU,0,3,1,2,1.014597709,-71.29779326
1109,97511.0,VAUPES,PACOA,0,3,1,2,0.020698059,-71.00433923
1110,97666.0,VAUPES,TARAIRA,0,3,1,7,-0.5636,-69.6336
1111,97777.0,VAUPES,PAPUNAHUA,0,3,1,2,1.907574121,-70.76146727
1112,97889.0,VAUPES,YAVARATE,0,3,1,2,0.609141615,-69.20333732
1113,99001.0,VICHADA,PUERTO CARREÑO,3,1,1,1,6.1889,-67.4858
1114,99524.0,VICHADA,LA PRIMAVERA,7,3,1,6,5.4906,-70.4092
1115,99624.0,VICHADA,SANTA ROSALIA,4,3,1,0,5.136393314,-70.85949863
1116,99773.0,VICHADA,CUMARIBO,1,1,1,1,4.4461,-69.7956
